{"stats":{"minecraft:crafted":{"minecraft:oak_planks":160,"minecraft:cooked_porkchop":7,"minecraft:crafting_table":1,"minecraft:spruce_planks":76,"minecraft:iron_helmet":1,"minecraft:baked_potato":5,"minecraft:wooden_pickaxe":1,"minecraft:furnace":1,"minecraft:cooked_salmon":4,"minecraft:birch_planks":4,"minecraft:pumpkin_seeds":4,"minecraft:stone_axe":1,"minecraft:cooked_mutton":12,"minecraft:air":0,"minecraft:iron_boots":2,"minecraft:iron_chestplate":1,"minecraft:iron_axe":1,"minecraft:stick":44,"minecraft:iron_ingot":46,"minecraft:iron_pickaxe":2,"minecraft:stone_pickaxe":1,"minecraft:wooden_axe":1,"minecraft:chest":1,"minecraft:iron_leggings":2,"minecraft:white_bed":2,"minecraft:torch":120},"minecraft:killed":{"minecraft:pig":3,"minecraft:salmon":4,"minecraft:sheep":7,"minecraft:skeleton":1},"minecraft:dropped":{"minecraft:wheat_seeds":2,"minecraft:cooked_porkchop":7,"minecraft:raw_iron":16,"minecraft:iron_boots":1,"minecraft:white_bed":1,"minecraft:oxeye_daisy":1,"minecraft:coast_armor_trim_smithing_template":2,"minecraft:andesite":1,"minecraft:cooked_salmon":1,"minecraft:iron_leggings":1,"minecraft:stone_pickaxe":1,"minecraft:wooden_pickaxe":1,"minecraft:iron_pickaxe":1},"minecraft:mined":{"minecraft:white_bed":2,"minecraft:kelp_plant":3,"minecraft:lily_of_the_valley":6,"minecraft:crafting_table":5,"minecraft:cornflower":1,"minecraft:granite":2,"minecraft:short_grass":16,"minecraft:grass_block":15,"minecraft:cobblestone":2,"minecraft:deepslate_gold_ore":6,"minecraft:tall_grass":2,"minecraft:spruce_leaves":26,"minecraft:lapis_ore":2,"minecraft:oak_planks":5,"minecraft:sugar_cane":3,"minecraft:oxeye_daisy":1,"minecraft:wall_torch":8,"minecraft:large_fern":5,"minecraft:seagrass":1,"minecraft:magma_block":1,"minecraft:furnace":5,"minecraft:sweet_berry_bush":4,"minecraft:birch_log":1,"minecraft:fire":9,"minecraft:iron_ore":42,"minecraft:spruce_log":18,"minecraft:andesite":3,"minecraft:stripped_spruce_log":2,"minecraft:deepslate_lapis_ore":1,"minecraft:coal_ore":55,"minecraft:oak_log":39,"minecraft:deepslate_iron_ore":12,"minecraft:sand":2,"minecraft:dirt":3,"minecraft:stone":97,"minecraft:gold_ore":4,"minecraft:oak_leaves":15,"minecraft:deepslate":8,"minecraft:fern":1},"minecraft:used":{"minecraft:cooked_mutton":12,"minecraft:stone_pickaxe":116,"minecraft:baked_potato":2,"minecraft:oak_planks":8,"minecraft:chest":2,"minecraft:wooden_pickaxe":5,"minecraft:cooked_salmon":3,"minecraft:iron_chestplate":1,"minecraft:torch":96,"minecraft:dirt":18,"minecraft:sand":2,"minecraft:mutton":4,"minecraft:crafting_table":5,"minecraft:white_bed":3,"minecraft:granite":2,"minecraft:wooden_axe":38,"minecraft:black_wool":1,"minecraft:iron_axe":7,"minecraft:iron_pickaxe":166,"minecraft:iron_boots":1,"minecraft:stone_axe":121,"minecraft:light_gray_wool":1,"minecraft:magma_block":1,"minecraft:cobblestone":65,"minecraft:sweet_berries":15,"minecraft:oak_sapling":1,"minecraft:furnace":5,"minecraft:cooked_porkchop":2,"minecraft:andesite":2,"minecraft:egg":1,"minecraft:cobbled_deepslate":8,"minecraft:iron_leggings":1},"minecraft:custom":{"minecraft:interact_with_furnace":72,"minecraft:mob_kills":15,"minecraft:interact_with_crafting_table":45,"minecraft:leave_game":1,"minecraft:time_since_death":86104,"minecraft:sleep_in_bed":3,"minecraft:time_since_rest":18387,"minecraft:sprint_one_cm":146101,"minecraft:damage_taken":1371,"minecraft:walk_one_cm":190620,"minecraft:drop":32,"minecraft:damage_dealt":1691,"minecraft:swim_one_cm":43635,"minecraft:fly_one_cm":286325,"minecraft:open_chest":16,"minecraft:crouch_one_cm":3680,"minecraft:play_time":86104,"minecraft:sneak_time":1602,"minecraft:walk_under_water_one_cm":18856,"minecraft:jump":1450,"minecraft:walk_on_water_one_cm":20153,"minecraft:total_world_time":86104,"minecraft:fall_one_cm":46079},"minecraft:broken":{"minecraft:stone_axe":1,"minecraft:wooden_axe":1},"minecraft:picked_up":{"minecraft:birch_log":1,"minecraft:magma_block":1,"minecraft:crafting_table":5,"minecraft:andesite":4,"minecraft:salmon":4,"minecraft:oak_log":40,"minecraft:lapis_lazuli":15,"minecraft:cornflower":1,"minecraft:dirt":18,"minecraft:bone":2,"minecraft:kelp":2,"minecraft:wheat_seeds":2,"minecraft:cobbled_deepslate":8,"minecraft:raw_gold":10,"minecraft:stone_pickaxe":1,"minecraft:rose_bush":3,"minecraft:light_gray_wool":1,"minecraft:sugar_cane":6,"minecraft:chest":1,"minecraft:oak_planks":4,"minecraft:egg":1,"minecraft:furnace":5,"minecraft:raw_iron":70,"minecraft:cooked_porkchop":2,"minecraft:sweet_berries":16,"minecraft:torch":11,"minecraft:sand":2,"minecraft:porkchop":7,"minecraft:stripped_spruce_log":1,"minecraft:spruce_sapling":3,"minecraft:white_bed":4,"minecraft:spruce_log":18,"minecraft:lily_of_the_valley":6,"minecraft:granite":2,"minecraft:oak_sapling":1,"minecraft:black_wool":1,"minecraft:mutton":11,"minecraft:coal":165,"minecraft:white_wool":7,"minecraft:cobblestone":100,"minecraft:oxeye_daisy":1}},"DataVersion":3953}