{"stats":{"minecraft:killed":{"minecraft:skeleton":1,"minecraft:pig":3,"minecraft:salmon":4,"minecraft:sheep":7,"minecraft:zombie":2,"minecraft:stray":1},"minecraft:mined":{"minecraft:attached_pumpkin_stem":1,"minecraft:diamond_ore":1,"minecraft:tuff":2,"minecraft:spruce_planks":26,"minecraft:white_bed":5,"minecraft:farmland":20,"minecraft:cobblestone_stairs":14,"minecraft:ladder":1,"minecraft:spruce_trapdoor":3,"minecraft:granite":2,"minecraft:grass_block":135,"minecraft:spruce_leaves":116,"minecraft:composter":1,"minecraft:oxeye_daisy":1,"minecraft:large_fern":7,"minecraft:redstone_ore":2,"minecraft:magma_block":1,"minecraft:spruce_sapling":1,"minecraft:furnace":6,"minecraft:carrots":5,"minecraft:iron_ore":51,"minecraft:cobbled_deepslate":1,"minecraft:fire":9,"minecraft:barrel":2,"minecraft:snow":53,"minecraft:andesite":5,"minecraft:stripped_spruce_log":47,"minecraft:pumpkin":9,"minecraft:deepslate_lapis_ore":7,"minecraft:bell":1,"minecraft:potatoes":40,"minecraft:dirt_path":11,"minecraft:deepslate_iron_ore":14,"minecraft:cobblestone_slab":3,"minecraft:lantern":1,"minecraft:stone":350,"minecraft:spruce_slab":3,"minecraft:deepslate_redstone_ore":1,"minecraft:brown_mushroom":2,"minecraft:glass_pane":1,"minecraft:kelp_plant":3,"minecraft:lily_of_the_valley":6,"minecraft:snow_block":27,"minecraft:spruce_door":1,"minecraft:cornflower":2,"minecraft:crafting_table":17,"minecraft:torch":7,"minecraft:short_grass":20,"minecraft:melon":2,"minecraft:copper_ore":3,"minecraft:tall_grass":2,"minecraft:glass":1,"minecraft:cobblestone":17,"minecraft:deepslate_gold_ore":13,"minecraft:lapis_ore":2,"minecraft:oak_planks":135,"minecraft:sugar_cane":3,"minecraft:spruce_sign":1,"minecraft:diorite":7,"minecraft:wall_torch":15,"minecraft:spruce_stairs":21,"minecraft:seagrass":1,"minecraft:birch_log":1,"minecraft:wheat":11,"minecraft:sweet_berry_bush":12,"minecraft:ice":3,"minecraft:spruce_log":209,"minecraft:pumpkin_stem":1,"minecraft:oak_log":39,"minecraft:coal_ore":106,"minecraft:beetroots":9,"minecraft:dirt":42,"minecraft:sand":3,"minecraft:gold_ore":4,"minecraft:deepslate_emerald_ore":1,"minecraft:oak_leaves":15,"minecraft:deepslate":70,"minecraft:fern":3},"minecraft:broken":{"minecraft:iron_shovel":1,"minecraft:iron_axe":1,"minecraft:stone_axe":3,"minecraft:wooden_axe":1},"minecraft:crafted":{"minecraft:oak_planks":160,"minecraft:cobblestone_slab":12,"minecraft:stone_shovel":1,"minecraft:barrel":2,"minecraft:furnace":2,"minecraft:cobblestone_stairs":72,"minecraft:spruce_fence":9,"minecraft:cooked_mutton":12,"minecraft:iron_bars":16,"minecraft:glass_pane":32,"minecraft:glass":19,"minecraft:spruce_stairs":144,"minecraft:iron_boots":2,"minecraft:ladder":6,"minecraft:iron_axe":1,"minecraft:iron_hoe":1,"minecraft:spruce_slab":12,"minecraft:stone_pickaxe":1,"minecraft:chest":3,"minecraft:cooked_porkchop":7,"minecraft:spruce_sign":3,"minecraft:crafting_table":4,"minecraft:spruce_planks":544,"minecraft:iron_helmet":2,"minecraft:baked_potato":41,"minecraft:wooden_pickaxe":1,"minecraft:spruce_door":3,"minecraft:cooked_salmon":4,"minecraft:bucket":1,"minecraft:birch_planks":4,"minecraft:pumpkin_seeds":12,"minecraft:campfire":2,"minecraft:stone_axe":4,"minecraft:air":0,"minecraft:spruce_trapdoor":24,"minecraft:iron_chestplate":2,"minecraft:shield":1,"minecraft:white_dye":2,"minecraft:stick":72,"minecraft:iron_ingot":64,"minecraft:iron_pickaxe":2,"minecraft:wooden_axe":1,"minecraft:snow_block":9,"minecraft:iron_shovel":1,"minecraft:iron_leggings":2,"minecraft:white_bed":2,"minecraft:torch":204},"minecraft:used":{"minecraft:beetroot":1,"minecraft:iron_bars":3,"minecraft:iron_shovel":251,"minecraft:spruce_slab":6,"minecraft:stone_shovel":9,"minecraft:ladder":5,"minecraft:chest":4,"minecraft:spruce_planks":243,"minecraft:cooked_salmon":3,"minecraft:bell":1,"minecraft:rotten_flesh":2,"minecraft:iron_chestplate":1,"minecraft:torch":229,"minecraft:spyglass":8,"minecraft:dirt":189,"minecraft:mutton":4,"minecraft:spruce_stairs":150,"minecraft:snowball":12,"minecraft:carrot":14,"minecraft:tuff":2,"minecraft:granite":2,"minecraft:spruce_fence":8,"minecraft:stripped_spruce_log":36,"minecraft:glass":1,"minecraft:iron_hoe":72,"minecraft:wooden_axe":38,"minecraft:lantern":2,"minecraft:iron_axe":234,"minecraft:iron_boots":1,"minecraft:melon_seeds":2,"minecraft:barrel":2,"minecraft:light_gray_wool":1,"minecraft:magma_block":1,"minecraft:sweet_berries":38,"minecraft:oak_sapling":1,"minecraft:furnace":8,"minecraft:beetroot_seeds":14,"minecraft:egg":2,"minecraft:potato":61,"minecraft:cobbled_deepslate":70,"minecraft:iron_leggings":1,"minecraft:cooked_mutton":12,"minecraft:wheat_seeds":17,"minecraft:water_bucket":6,"minecraft:diorite":1,"minecraft:cobblestone_stairs":84,"minecraft:spruce_door":3,"minecraft:snow_block":9,"minecraft:baked_potato":7,"minecraft:stone_pickaxe":116,"minecraft:oak_planks":181,"minecraft:wooden_pickaxe":5,"minecraft:spruce_sign":3,"minecraft:composter":1,"minecraft:cobblestone_slab":14,"minecraft:sand":3,"minecraft:campfire":2,"minecraft:crafting_table":21,"minecraft:white_bed":7,"minecraft:spruce_log":66,"minecraft:pumpkin_seeds":6,"minecraft:black_wool":1,"minecraft:diamond_pickaxe":417,"minecraft:cornflower":1,"minecraft:bread":1,"minecraft:iron_pickaxe":201,"minecraft:spruce_trapdoor":27,"minecraft:spruce_sapling":42,"minecraft:stone_axe":506,"minecraft:cobblestone":245,"minecraft:cooked_porkchop":2,"minecraft:andesite":4,"minecraft:bucket":6,"minecraft:glass_pane":31},"minecraft:picked_up":{"minecraft:crafting_table":17,"minecraft:wheat":4,"minecraft:ladder":1,"minecraft:brown_mushroom":4,"minecraft:shield":1,"minecraft:cornflower":3,"minecraft:raw_copper":20,"minecraft:iron_axe":1,"minecraft:beetroot":9,"minecraft:cobbled_deepslate":70,"minecraft:spruce_planks":26,"minecraft:rose_bush":6,"minecraft:cobblestone_slab":3,"minecraft:calcite":64,"minecraft:light_gray_wool":1,"minecraft:iron_pickaxe":1,"minecraft:spruce_slab":3,"minecraft:melon_slice":10,"minecraft:sugar_cane":16,"minecraft:chest":1,"minecraft:spruce_trapdoor":3,"minecraft:furnace":6,"minecraft:egg":2,"minecraft:tipped_arrow":1,"minecraft:stick":33,"minecraft:raw_iron":81,"minecraft:composter":1,"minecraft:torch":55,"minecraft:spruce_stairs":21,"minecraft:porkchop":7,"minecraft:diorite":1,"minecraft:carrot":17,"minecraft:redstone":26,"minecraft:iron_horse_armor":2,"minecraft:arrow":4,"minecraft:rotten_flesh":3,"minecraft:beetroot_seeds":29,"minecraft:mutton":11,"minecraft:snowball":161,"minecraft:white_wool":7,"minecraft:cobblestone":392,"minecraft:oxeye_daisy":1,"minecraft:birch_log":1,"minecraft:magma_block":1,"minecraft:andesite":6,"minecraft:salmon":31,"minecraft:potato":112,"minecraft:filled_map":1,"minecraft:tuff":2,"minecraft:oak_log":40,"minecraft:cobblestone_stairs":14,"minecraft:lapis_lazuli":120,"minecraft:dirt":207,"minecraft:paper":11,"minecraft:lantern":2,"minecraft:bone":19,"minecraft:kelp":2,"minecraft:bow":1,"minecraft:wheat_seeds":25,"minecraft:raw_gold":34,"minecraft:rabbit_hide":2,"minecraft:bell":2,"minecraft:iron_ingot":43,"minecraft:stone_pickaxe":1,"minecraft:rabbit":2,"minecraft:moss_block":4,"minecraft:oak_planks":136,"minecraft:cooked_porkchop":2,"minecraft:pumpkin":9,"minecraft:sweet_berries":39,"minecraft:spyglass":1,"minecraft:sand":103,"minecraft:stripped_spruce_log":43,"minecraft:spruce_sapling":94,"minecraft:white_bed":7,"minecraft:spruce_log":209,"minecraft:lily_of_the_valley":11,"minecraft:spruce_door":2,"minecraft:barrel":2,"minecraft:leather_helmet":1,"minecraft:pumpkin_seeds":14,"minecraft:diamond":2,"minecraft:granite":2,"minecraft:spruce_sign":1,"minecraft:emerald":2,"minecraft:oak_sapling":1,"minecraft:melon_seeds":2,"minecraft:black_wool":1,"minecraft:coal":255,"minecraft:diamond_pickaxe":1},"minecraft:dropped":{"minecraft:iron_ingot":31,"minecraft:stripped_spruce_log":1,"minecraft:wheat_seeds":2,"minecraft:cooked_porkchop":7,"minecraft:iron_helmet":1,"minecraft:oxeye_daisy":1,"minecraft:coast_armor_trim_smithing_template":2,"minecraft:cooked_salmon":1,"minecraft:iron_leggings":1,"minecraft:iron_axe":1,"minecraft:iron_pickaxe":1,"minecraft:bone":9,"minecraft:raw_iron":16,"minecraft:iron_boots":1,"minecraft:white_bed":1,"minecraft:salmon":24,"minecraft:rabbit_hide":2,"minecraft:iron_chestplate":1,"minecraft:andesite":1,"minecraft:stone_pickaxe":1,"minecraft:wooden_pickaxe":1},"minecraft:custom":{"minecraft:mob_kills":19,"minecraft:animals_bred":1,"minecraft:interact_with_crafting_table":106,"minecraft:open_barrel":16,"minecraft:bell_ring":32,"minecraft:climb_one_cm":1095,"minecraft:leave_game":3,"minecraft:time_since_death":8788,"minecraft:sprint_one_cm":306204,"minecraft:walk_one_cm":846623,"minecraft:drop":90,"minecraft:talked_to_villager":1,"minecraft:play_time":287740,"minecraft:sneak_time":12029,"minecraft:deaths":8,"minecraft:walk_under_water_one_cm":18856,"minecraft:jump":4313,"minecraft:walk_on_water_one_cm":26783,"minecraft:total_world_time":287740,"minecraft:interact_with_furnace":111,"minecraft:sleep_in_bed":7,"minecraft:time_since_rest":8820,"minecraft:damage_taken":3868,"minecraft:damage_dealt":2382,"minecraft:swim_one_cm":43635,"minecraft:fly_one_cm":615390,"minecraft:open_chest":84,"minecraft:crouch_one_cm":28435,"minecraft:fall_one_cm":144058}},"DataVersion":3953}