{"stats":{"minecraft:crafted":{"minecraft:oak_planks":52,"minecraft:cooked_porkchop":7,"minecraft:crafting_table":1,"minecraft:stick":20,"minecraft:iron_ingot":2,"minecraft:wooden_pickaxe":1,"minecraft:stone_pickaxe":1,"minecraft:wooden_axe":1,"minecraft:chest":1,"minecraft:furnace":1,"minecraft:white_bed":2,"minecraft:torch":48,"minecraft:pumpkin_seeds":4,"minecraft:stone_axe":1,"minecraft:cooked_mutton":6,"minecraft:air":0},"minecraft:killed":{"minecraft:sheep":6,"minecraft:pig":3},"minecraft:dropped":{"minecraft:cooked_porkchop":7},"minecraft:mined":{"minecraft:magma_block":1,"minecraft:iron_ore":6,"minecraft:kelp_plant":3,"minecraft:lily_of_the_valley":6,"minecraft:cornflower":1,"minecraft:crafting_table":2,"minecraft:short_grass":5,"minecraft:coal_ore":49,"minecraft:oak_log":12,"minecraft:sand":2,"minecraft:tall_grass":1,"minecraft:stone":43,"minecraft:sugar_cane":2,"minecraft:oxeye_daisy":1,"minecraft:oak_leaves":3},"minecraft:used":{"minecraft:cooked_mutton":2,"minecraft:wooden_axe":38,"minecraft:stone_pickaxe":95,"minecraft:chest":1,"minecraft:wooden_pickaxe":5,"minecraft:stone_axe":5,"minecraft:torch":18,"minecraft:cobblestone":23,"minecraft:sand":2,"minecraft:mutton":4,"minecraft:crafting_table":3,"minecraft:furnace":1,"minecraft:cooked_porkchop":2,"minecraft:white_bed":1},"minecraft:custom":{"minecraft:time_since_rest":16917,"minecraft:interact_with_furnace":8,"minecraft:sprint_one_cm":37730,"minecraft:damage_taken":310,"minecraft:walk_one_cm":56939,"minecraft:mob_kills":9,"minecraft:drop":4,"minecraft:damage_dealt":926,"minecraft:interact_with_crafting_table":17,"minecraft:swim_one_cm":35533,"minecraft:fly_one_cm":91643,"minecraft:open_chest":10,"minecraft:crouch_one_cm":1908,"minecraft:play_time":26489,"minecraft:sneak_time":715,"minecraft:walk_under_water_one_cm":10554,"minecraft:jump":406,"minecraft:walk_on_water_one_cm":11306,"minecraft:time_since_death":26489,"minecraft:sleep_in_bed":1,"minecraft:total_world_time":26489,"minecraft:fall_one_cm":10499},"minecraft:broken":{"minecraft:wooden_axe":1},"minecraft:picked_up":{"minecraft:raw_iron":6,"minecraft:crafting_table":2,"minecraft:magma_block":1,"minecraft:cooked_porkchop":2,"minecraft:porkchop":7,"minecraft:sand":2,"minecraft:oak_log":13,"minecraft:lily_of_the_valley":6,"minecraft:cornflower":1,"minecraft:kelp":2,"minecraft:sugar_cane":3,"minecraft:mutton":10,"minecraft:coal":49,"minecraft:egg":1,"minecraft:white_wool":6,"minecraft:cobblestone":43,"minecraft:oxeye_daisy":1}},"DataVersion":3953}