{"stats":{"minecraft:killed":{"minecraft:skeleton":1,"minecraft:pig":3,"minecraft:zombie_villager":1,"minecraft:salmon":4,"minecraft:sheep":7,"minecraft:zombie":12,"minecraft:stray":1},"minecraft:mined":{"minecraft:attached_pumpkin_stem":1,"minecraft:diamond_ore":1,"minecraft:tuff":3,"minecraft:spruce_planks":37,"minecraft:white_bed":12,"minecraft:farmland":20,"minecraft:cobblestone_stairs":17,"minecraft:spruce_trapdoor":12,"minecraft:ladder":1,"minecraft:granite":2,"minecraft:grass_block":193,"minecraft:spruce_leaves":126,"minecraft:composter":1,"minecraft:oxeye_daisy":1,"minecraft:spawner":1,"minecraft:large_fern":7,"minecraft:redstone_ore":2,"minecraft:magma_block":1,"minecraft:spruce_sapling":1,"minecraft:furnace":8,"minecraft:carrots":16,"minecraft:iron_ore":77,"minecraft:barrel":2,"minecraft:fire":9,"minecraft:cobbled_deepslate":6,"minecraft:snow":65,"minecraft:andesite":5,"minecraft:stripped_spruce_log":47,"minecraft:pumpkin":12,"minecraft:deepslate_lapis_ore":7,"minecraft:bell":1,"minecraft:potatoes":61,"minecraft:dirt_path":11,"minecraft:deepslate_iron_ore":49,"minecraft:cobblestone_slab":3,"minecraft:lantern":1,"minecraft:stone":430,"minecraft:spruce_slab":11,"minecraft:deepslate_redstone_ore":1,"minecraft:brown_mushroom":2,"minecraft:glass_pane":3,"minecraft:lily_of_the_valley":6,"minecraft:kelp_plant":3,"minecraft:melon_stem":1,"minecraft:snow_block":27,"minecraft:spruce_door":1,"minecraft:cornflower":2,"minecraft:crafting_table":19,"minecraft:torch":11,"minecraft:short_grass":20,"minecraft:blast_furnace":1,"minecraft:melon":3,"minecraft:chest":1,"minecraft:copper_ore":3,"minecraft:tall_grass":2,"minecraft:glass":1,"minecraft:cobblestone":20,"minecraft:deepslate_gold_ore":16,"minecraft:lapis_ore":2,"minecraft:oak_planks":135,"minecraft:sugar_cane":3,"minecraft:diorite":12,"minecraft:spruce_sign":5,"minecraft:wall_torch":17,"minecraft:spruce_stairs":29,"minecraft:seagrass":1,"minecraft:chain":1,"minecraft:birch_log":1,"minecraft:wheat":16,"minecraft:sweet_berry_bush":12,"minecraft:ice":3,"minecraft:spruce_log":232,"minecraft:pumpkin_stem":2,"minecraft:oak_log":39,"minecraft:coal_ore":134,"minecraft:beetroots":14,"minecraft:dirt":48,"minecraft:sand":3,"minecraft:gold_ore":4,"minecraft:deepslate_emerald_ore":1,"minecraft:oak_leaves":15,"minecraft:deepslate":90,"minecraft:fern":3},"minecraft:killed_by":{"minecraft:creeper":1},"minecraft:broken":{"minecraft:iron_shovel":1,"minecraft:iron_axe":2,"minecraft:stone_axe":4,"minecraft:wooden_axe":1},"minecraft:crafted":{"minecraft:oak_planks":160,"minecraft:cobblestone_slab":12,"minecraft:stone_shovel":1,"minecraft:barrel":6,"minecraft:iron_nugget":9,"minecraft:chain":2,"minecraft:furnace":2,"minecraft:cobblestone_stairs":72,"minecraft:spruce_fence":9,"minecraft:cooked_mutton":12,"minecraft:glass_pane":32,"minecraft:iron_bars":16,"minecraft:glass":19,"minecraft:spruce_stairs":144,"minecraft:iron_boots":2,"minecraft:iron_axe":3,"minecraft:iron_hoe":1,"minecraft:ladder":6,"minecraft:spruce_slab":18,"minecraft:stone_pickaxe":1,"minecraft:chest":3,"minecraft:smoker":1,"minecraft:cauldron":1,"minecraft:cooked_porkchop":7,"minecraft:spruce_sign":3,"minecraft:crafting_table":4,"minecraft:spruce_planks":644,"minecraft:iron_helmet":2,"minecraft:baked_potato":96,"minecraft:wooden_pickaxe":1,"minecraft:iron_sword":1,"minecraft:spruce_door":3,"minecraft:copper_ingot":10,"minecraft:smithing_table":1,"minecraft:cooked_salmon":4,"minecraft:bucket":1,"minecraft:birch_planks":4,"minecraft:pumpkin_seeds":12,"minecraft:campfire":2,"minecraft:stone_axe":4,"minecraft:painting":1,"minecraft:air":0,"minecraft:spruce_trapdoor":36,"minecraft:iron_chestplate":2,"minecraft:shield":1,"minecraft:white_dye":2,"minecraft:stick":120,"minecraft:iron_ingot":78,"minecraft:iron_pickaxe":3,"minecraft:wooden_axe":1,"minecraft:snow_block":9,"minecraft:iron_shovel":1,"minecraft:iron_leggings":2,"minecraft:white_bed":2,"minecraft:torch":300},"minecraft:used":{"minecraft:beetroot":1,"minecraft:iron_bars":3,"minecraft:iron_shovel":251,"minecraft:spruce_slab":11,"minecraft:stone_shovel":85,"minecraft:ladder":5,"minecraft:chest":4,"minecraft:spruce_planks":271,"minecraft:cooked_salmon":3,"minecraft:bell":1,"minecraft:rotten_flesh":3,"minecraft:iron_chestplate":1,"minecraft:torch":334,"minecraft:spyglass":8,"minecraft:dirt":252,"minecraft:mutton":4,"minecraft:spruce_stairs":158,"minecraft:snowball":24,"minecraft:tuff":2,"minecraft:carrot":29,"minecraft:granite":2,"minecraft:spruce_fence":8,"minecraft:stripped_spruce_log":36,"minecraft:glass":1,"minecraft:iron_hoe":72,"minecraft:wooden_axe":38,"minecraft:lantern":2,"minecraft:iron_axe":396,"minecraft:iron_boots":1,"minecraft:melon_seeds":4,"minecraft:barrel":8,"minecraft:light_gray_wool":1,"minecraft:magma_block":1,"minecraft:sweet_berries":38,"minecraft:oak_sapling":1,"minecraft:furnace":9,"minecraft:beetroot_seeds":20,"minecraft:egg":2,"minecraft:potato":78,"minecraft:cobbled_deepslate":92,"minecraft:iron_leggings":1,"minecraft:cooked_mutton":12,"minecraft:wheat_seeds":22,"minecraft:water_bucket":6,"minecraft:diorite":6,"minecraft:cobblestone_stairs":87,"minecraft:spruce_door":3,"minecraft:snow_block":9,"minecraft:baked_potato":18,"minecraft:stone_pickaxe":116,"minecraft:oak_planks":181,"minecraft:cauldron":1,"minecraft:wooden_pickaxe":5,"minecraft:spruce_sign":8,"minecraft:composter":1,"minecraft:cobblestone_slab":14,"minecraft:painting":63,"minecraft:white_bed":14,"minecraft:sand":3,"minecraft:blast_furnace":1,"minecraft:crafting_table":23,"minecraft:campfire":2,"minecraft:spruce_log":67,"minecraft:pumpkin_seeds":6,"minecraft:smoker":1,"minecraft:black_wool":1,"minecraft:diamond_pickaxe":635,"minecraft:cornflower":1,"minecraft:spruce_trapdoor":46,"minecraft:melon_slice":4,"minecraft:bread":1,"minecraft:iron_pickaxe":201,"minecraft:spruce_sapling":44,"minecraft:stone_axe":511,"minecraft:cobblestone":320,"minecraft:cooked_porkchop":2,"minecraft:smithing_table":1,"minecraft:andesite":4,"minecraft:bucket":6,"minecraft:chain":3,"minecraft:glass_pane":33},"minecraft:picked_up":{"minecraft:crafting_table":19,"minecraft:wheat":8,"minecraft:ladder":1,"minecraft:brown_mushroom":4,"minecraft:chain":1,"minecraft:shield":2,"minecraft:string":2,"minecraft:amethyst_block":64,"minecraft:cornflower":3,"minecraft:raw_copper":20,"minecraft:iron_axe":1,"minecraft:glass_pane":3,"minecraft:beetroot":14,"minecraft:cobbled_deepslate":95,"minecraft:spruce_planks":36,"minecraft:rose_bush":6,"minecraft:cobblestone_slab":3,"minecraft:calcite":179,"minecraft:light_gray_wool":1,"minecraft:iron_pickaxe":1,"minecraft:spruce_slab":11,"minecraft:melon_slice":14,"minecraft:sugar_cane":16,"minecraft:chest":2,"minecraft:spruce_trapdoor":12,"minecraft:furnace":8,"minecraft:egg":2,"minecraft:tipped_arrow":1,"minecraft:stick":38,"minecraft:raw_iron":142,"minecraft:composter":1,"minecraft:torch":64,"minecraft:spruce_stairs":29,"minecraft:porkchop":7,"minecraft:diorite":6,"minecraft:carrot":54,"minecraft:redstone":26,"minecraft:iron_horse_armor":2,"minecraft:arrow":4,"minecraft:rotten_flesh":15,"minecraft:beetroot_seeds":42,"minecraft:mutton":27,"minecraft:snowball":173,"minecraft:white_wool":19,"minecraft:cobblestone":468,"minecraft:oxeye_daisy":1,"minecraft:birch_log":1,"minecraft:magma_block":1,"minecraft:salmon":31,"minecraft:andesite":6,"minecraft:potato":184,"minecraft:filled_map":1,"minecraft:tuff":2,"minecraft:oak_log":40,"minecraft:cobblestone_stairs":17,"minecraft:lapis_lazuli":120,"minecraft:paper":11,"minecraft:dirt":270,"minecraft:lantern":2,"minecraft:bone":19,"minecraft:kelp":2,"minecraft:bow":1,"minecraft:wheat_seeds":39,"minecraft:raw_gold":37,"minecraft:rabbit_hide":2,"minecraft:bell":2,"minecraft:iron_ingot":74,"minecraft:stone_pickaxe":1,"minecraft:rabbit":2,"minecraft:moss_block":4,"minecraft:oak_planks":136,"minecraft:cooked_porkchop":2,"minecraft:pumpkin":12,"minecraft:sweet_berries":39,"minecraft:spyglass":1,"minecraft:poisonous_potato":1,"minecraft:sand":103,"minecraft:stripped_spruce_log":43,"minecraft:spruce_sapling":108,"minecraft:blast_furnace":1,"minecraft:white_bed":14,"minecraft:spruce_log":232,"minecraft:lily_of_the_valley":11,"minecraft:spruce_door":2,"minecraft:barrel":2,"minecraft:leather_helmet":1,"minecraft:pumpkin_seeds":15,"minecraft:diamond":2,"minecraft:granite":2,"minecraft:painting":62,"minecraft:spruce_sign":5,"minecraft:emerald":2,"minecraft:baked_potato":15,"minecraft:oak_sapling":1,"minecraft:melon_seeds":4,"minecraft:black_wool":1,"minecraft:coal":301,"minecraft:diamond_pickaxe":1},"minecraft:dropped":{"minecraft:iron_ingot":31,"minecraft:stripped_spruce_log":1,"minecraft:wheat_seeds":2,"minecraft:cooked_porkchop":7,"minecraft:iron_helmet":1,"minecraft:oxeye_daisy":1,"minecraft:mutton":16,"minecraft:coast_armor_trim_smithing_template":2,"minecraft:cooked_salmon":1,"minecraft:iron_leggings":1,"minecraft:iron_axe":1,"minecraft:iron_pickaxe":1,"minecraft:bone":9,"minecraft:raw_iron":16,"minecraft:iron_boots":1,"minecraft:white_bed":1,"minecraft:salmon":24,"minecraft:rabbit_hide":2,"minecraft:shield":1,"minecraft:iron_chestplate":1,"minecraft:andesite":1,"minecraft:stone_pickaxe":1,"minecraft:wooden_pickaxe":1},"minecraft:custom":{"minecraft:mob_kills":30,"minecraft:animals_bred":1,"minecraft:interact_with_crafting_table":129,"minecraft:open_barrel":62,"minecraft:bell_ring":32,"minecraft:leave_game":4,"minecraft:time_since_death":1978,"minecraft:climb_one_cm":8860,"minecraft:sprint_one_cm":380288,"minecraft:walk_one_cm":1066971,"minecraft:drop":92,"minecraft:talked_to_villager":1,"minecraft:play_time":373365,"minecraft:sneak_time":21540,"minecraft:deaths":9,"minecraft:walk_under_water_one_cm":18856,"minecraft:jump":5136,"minecraft:interact_with_blast_furnace":8,"minecraft:walk_on_water_one_cm":29926,"minecraft:total_world_time":373365,"minecraft:interact_with_furnace":111,"minecraft:sleep_in_bed":9,"minecraft:time_since_rest":2072,"minecraft:damage_taken":4612,"minecraft:damage_dealt":4466,"minecraft:swim_one_cm":43635,"minecraft:fly_one_cm":739038,"minecraft:open_chest":99,"minecraft:crouch_one_cm":57330,"minecraft:interact_with_smoker":9,"minecraft:fall_one_cm":173345}},"DataVersion":3953}