{"stats":{"minecraft:crafted":{"minecraft:oak_planks":160,"minecraft:barrel":2,"minecraft:furnace":1,"minecraft:cooked_mutton":12,"minecraft:iron_boots":2,"minecraft:iron_axe":1,"minecraft:spruce_slab":12,"minecraft:stone_pickaxe":1,"minecraft:chest":1,"minecraft:cooked_porkchop":7,"minecraft:crafting_table":2,"minecraft:spruce_planks":76,"minecraft:wooden_pickaxe":1,"minecraft:baked_potato":5,"minecraft:iron_helmet":2,"minecraft:cooked_salmon":4,"minecraft:birch_planks":4,"minecraft:pumpkin_seeds":12,"minecraft:stone_axe":1,"minecraft:air":0,"minecraft:iron_chestplate":2,"minecraft:shield":1,"minecraft:white_dye":1,"minecraft:stick":56,"minecraft:iron_ingot":64,"minecraft:iron_pickaxe":2,"minecraft:wooden_axe":1,"minecraft:iron_leggings":2,"minecraft:white_bed":2,"minecraft:torch":168},"minecraft:killed":{"minecraft:skeleton":1,"minecraft:pig":3,"minecraft:salmon":4,"minecraft:sheep":7},"minecraft:dropped":{"minecraft:wheat_seeds":2,"minecraft:cooked_porkchop":7,"minecraft:iron_helmet":1,"minecraft:oxeye_daisy":1,"minecraft:coast_armor_trim_smithing_template":2,"minecraft:cooked_salmon":1,"minecraft:iron_leggings":1,"minecraft:iron_pickaxe":1,"minecraft:bone":9,"minecraft:raw_iron":16,"minecraft:iron_boots":1,"minecraft:white_bed":1,"minecraft:rabbit_hide":2,"minecraft:iron_chestplate":1,"minecraft:andesite":1,"minecraft:stone_pickaxe":1,"minecraft:wooden_pickaxe":1},"minecraft:mined":{"minecraft:diamond_ore":1,"minecraft:tuff":2,"minecraft:spruce_planks":1,"minecraft:white_bed":2,"minecraft:granite":2,"minecraft:grass_block":16,"minecraft:spruce_leaves":31,"minecraft:oxeye_daisy":1,"minecraft:large_fern":7,"minecraft:magma_block":1,"minecraft:redstone_ore":2,"minecraft:furnace":6,"minecraft:iron_ore":51,"minecraft:fire":9,"minecraft:cobbled_deepslate":1,"minecraft:andesite":5,"minecraft:stripped_spruce_log":2,"minecraft:deepslate_lapis_ore":7,"minecraft:bell":1,"minecraft:deepslate_iron_ore":14,"minecraft:stone":211,"minecraft:deepslate_redstone_ore":1,"minecraft:brown_mushroom":2,"minecraft:kelp_plant":3,"minecraft:lily_of_the_valley":6,"minecraft:cornflower":1,"minecraft:crafting_table":8,"minecraft:torch":2,"minecraft:short_grass":17,"minecraft:copper_ore":3,"minecraft:tall_grass":2,"minecraft:cobblestone":2,"minecraft:lapis_ore":2,"minecraft:deepslate_gold_ore":13,"minecraft:sugar_cane":3,"minecraft:oak_planks":12,"minecraft:diorite":7,"minecraft:wall_torch":11,"minecraft:seagrass":1,"minecraft:birch_log":1,"minecraft:sweet_berry_bush":12,"minecraft:spruce_log":18,"minecraft:oak_log":39,"minecraft:coal_ore":77,"minecraft:dirt":6,"minecraft:sand":2,"minecraft:gold_ore":4,"minecraft:oak_leaves":15,"minecraft:deepslate_emerald_ore":1,"minecraft:deepslate":70,"minecraft:fern":3},"minecraft:used":{"minecraft:spruce_planks":31,"minecraft:chest":2,"minecraft:bell":1,"minecraft:cooked_salmon":3,"minecraft:iron_chestplate":1,"minecraft:torch":154,"minecraft:dirt":22,"minecraft:mutton":4,"minecraft:tuff":2,"minecraft:granite":2,"minecraft:wooden_axe":38,"minecraft:iron_axe":17,"minecraft:iron_boots":1,"minecraft:barrel":2,"minecraft:light_gray_wool":1,"minecraft:magma_block":1,"minecraft:sweet_berries":38,"minecraft:furnace":7,"minecraft:oak_sapling":1,"minecraft:egg":2,"minecraft:cobbled_deepslate":70,"minecraft:iron_leggings":1,"minecraft:cooked_mutton":12,"minecraft:diorite":1,"minecraft:stone_pickaxe":116,"minecraft:baked_potato":5,"minecraft:oak_planks":39,"minecraft:wooden_pickaxe":5,"minecraft:sand":2,"minecraft:crafting_table":10,"minecraft:white_bed":4,"minecraft:cornflower":1,"minecraft:diamond_pickaxe":216,"minecraft:black_wool":1,"minecraft:bread":1,"minecraft:iron_pickaxe":201,"minecraft:stone_axe":121,"minecraft:cobblestone":200,"minecraft:cooked_porkchop":2,"minecraft:andesite":4},"minecraft:custom":{"minecraft:mob_kills":16,"minecraft:animals_bred":1,"minecraft:interact_with_crafting_table":56,"minecraft:open_barrel":6,"minecraft:bell_ring":32,"minecraft:leave_game":1,"minecraft:time_since_death":19939,"minecraft:sprint_one_cm":215485,"minecraft:walk_one_cm":297562,"minecraft:drop":45,"minecraft:play_time":134104,"minecraft:deaths":1,"minecraft:sneak_time":2750,"minecraft:walk_under_water_one_cm":18856,"minecraft:jump":2468,"minecraft:walk_on_water_one_cm":20612,"minecraft:total_world_time":134104,"minecraft:interact_with_furnace":92,"minecraft:sleep_in_bed":6,"minecraft:time_since_rest":4684,"minecraft:damage_taken":1999,"minecraft:damage_dealt":1711,"minecraft:swim_one_cm":43635,"minecraft:fly_one_cm":439699,"minecraft:open_chest":30,"minecraft:crouch_one_cm":7034,"minecraft:fall_one_cm":74020},"minecraft:broken":{"minecraft:stone_axe":1,"minecraft:wooden_axe":1},"minecraft:picked_up":{"minecraft:crafting_table":8,"minecraft:brown_mushroom":2,"minecraft:cornflower":1,"minecraft:raw_copper":10,"minecraft:cobbled_deepslate":70,"minecraft:spruce_planks":1,"minecraft:rose_bush":3,"minecraft:light_gray_wool":1,"minecraft:sugar_cane":8,"minecraft:chest":1,"minecraft:furnace":6,"minecraft:egg":2,"minecraft:raw_iron":81,"minecraft:torch":16,"minecraft:porkchop":7,"minecraft:diorite":1,"minecraft:redstone":13,"minecraft:arrow":2,"minecraft:mutton":11,"minecraft:white_wool":7,"minecraft:cobblestone":214,"minecraft:oxeye_daisy":1,"minecraft:birch_log":1,"minecraft:magma_block":1,"minecraft:salmon":4,"minecraft:andesite":6,"minecraft:tuff":2,"minecraft:oak_log":40,"minecraft:dirt":22,"minecraft:lapis_lazuli":60,"minecraft:bone":10,"minecraft:kelp":2,"minecraft:wheat_seeds":2,"minecraft:raw_gold":17,"minecraft:bell":1,"minecraft:rabbit_hide":2,"minecraft:stone_pickaxe":1,"minecraft:rabbit":2,"minecraft:oak_planks":11,"minecraft:cooked_porkchop":2,"minecraft:sweet_berries":39,"minecraft:sand":2,"minecraft:stripped_spruce_log":1,"minecraft:spruce_sapling":4,"minecraft:white_bed":4,"minecraft:spruce_log":18,"minecraft:lily_of_the_valley":6,"minecraft:diamond":1,"minecraft:granite":2,"minecraft:emerald":1,"minecraft:oak_sapling":1,"minecraft:black_wool":1,"minecraft:coal":199,"minecraft:diamond_pickaxe":1}},"DataVersion":3953}