{"stats":{"minecraft:crafted":{"minecraft:oak_planks":160,"minecraft:cobblestone_slab":12,"minecraft:stone_shovel":1,"minecraft:barrel":2,"minecraft:furnace":2,"minecraft:cobblestone_stairs":68,"minecraft:spruce_fence":9,"minecraft:cooked_mutton":12,"minecraft:glass_pane":32,"minecraft:glass":19,"minecraft:spruce_stairs":112,"minecraft:iron_boots":2,"minecraft:iron_axe":1,"minecraft:iron_hoe":1,"minecraft:spruce_slab":12,"minecraft:stone_pickaxe":1,"minecraft:chest":3,"minecraft:cooked_porkchop":7,"minecraft:spruce_sign":3,"minecraft:crafting_table":3,"minecraft:spruce_planks":396,"minecraft:wooden_pickaxe":1,"minecraft:baked_potato":5,"minecraft:iron_helmet":2,"minecraft:spruce_door":3,"minecraft:cooked_salmon":4,"minecraft:bucket":1,"minecraft:birch_planks":4,"minecraft:pumpkin_seeds":12,"minecraft:stone_axe":3,"minecraft:air":0,"minecraft:spruce_trapdoor":18,"minecraft:iron_chestplate":2,"minecraft:shield":1,"minecraft:white_dye":2,"minecraft:stick":64,"minecraft:iron_ingot":64,"minecraft:iron_pickaxe":2,"minecraft:wooden_axe":1,"minecraft:snow_block":9,"minecraft:iron_shovel":1,"minecraft:iron_leggings":2,"minecraft:white_bed":2,"minecraft:torch":196},"minecraft:killed":{"minecraft:skeleton":1,"minecraft:pig":3,"minecraft:salmon":4,"minecraft:sheep":7,"minecraft:zombie":2,"minecraft:stray":1},"minecraft:dropped":{"minecraft:stripped_spruce_log":1,"minecraft:wheat_seeds":2,"minecraft:cooked_porkchop":7,"minecraft:iron_helmet":1,"minecraft:oxeye_daisy":1,"minecraft:coast_armor_trim_smithing_template":2,"minecraft:cooked_salmon":1,"minecraft:iron_leggings":1,"minecraft:iron_axe":1,"minecraft:iron_pickaxe":1,"minecraft:bone":9,"minecraft:raw_iron":16,"minecraft:iron_boots":1,"minecraft:white_bed":1,"minecraft:salmon":24,"minecraft:rabbit_hide":2,"minecraft:iron_chestplate":1,"minecraft:andesite":1,"minecraft:stone_pickaxe":1,"minecraft:wooden_pickaxe":1},"minecraft:mined":{"minecraft:attached_pumpkin_stem":1,"minecraft:diamond_ore":1,"minecraft:tuff":2,"minecraft:spruce_planks":22,"minecraft:white_bed":5,"minecraft:farmland":20,"minecraft:cobblestone_stairs":14,"minecraft:spruce_trapdoor":2,"minecraft:granite":2,"minecraft:grass_block":135,"minecraft:spruce_leaves":98,"minecraft:composter":1,"minecraft:oxeye_daisy":1,"minecraft:large_fern":7,"minecraft:magma_block":1,"minecraft:redstone_ore":2,"minecraft:spruce_sapling":1,"minecraft:furnace":6,"minecraft:carrots":4,"minecraft:barrel":2,"minecraft:iron_ore":51,"minecraft:fire":9,"minecraft:cobbled_deepslate":1,"minecraft:snow":53,"minecraft:pumpkin":4,"minecraft:andesite":5,"minecraft:stripped_spruce_log":41,"minecraft:deepslate_lapis_ore":7,"minecraft:bell":1,"minecraft:potatoes":25,"minecraft:cobblestone_slab":3,"minecraft:deepslate_iron_ore":14,"minecraft:dirt_path":11,"minecraft:lantern":1,"minecraft:stone":350,"minecraft:spruce_slab":3,"minecraft:deepslate_redstone_ore":1,"minecraft:glass_pane":1,"minecraft:brown_mushroom":2,"minecraft:snow_block":27,"minecraft:kelp_plant":3,"minecraft:lily_of_the_valley":6,"minecraft:spruce_door":1,"minecraft:cornflower":2,"minecraft:crafting_table":10,"minecraft:torch":6,"minecraft:short_grass":20,"minecraft:melon":1,"minecraft:glass":1,"minecraft:copper_ore":3,"minecraft:tall_grass":2,"minecraft:cobblestone":16,"minecraft:lapis_ore":2,"minecraft:deepslate_gold_ore":13,"minecraft:sugar_cane":3,"minecraft:oak_planks":89,"minecraft:diorite":7,"minecraft:wall_torch":12,"minecraft:spruce_stairs":15,"minecraft:seagrass":1,"minecraft:birch_log":1,"minecraft:wheat":11,"minecraft:sweet_berry_bush":12,"minecraft:ice":3,"minecraft:spruce_log":163,"minecraft:pumpkin_stem":1,"minecraft:oak_log":39,"minecraft:coal_ore":106,"minecraft:beetroots":9,"minecraft:dirt":42,"minecraft:sand":3,"minecraft:gold_ore":4,"minecraft:oak_leaves":15,"minecraft:deepslate_emerald_ore":1,"minecraft:deepslate":70,"minecraft:fern":3},"minecraft:used":{"minecraft:beetroot":1,"minecraft:iron_shovel":251,"minecraft:stone_shovel":9,"minecraft:spruce_slab":6,"minecraft:spruce_planks":145,"minecraft:chest":4,"minecraft:bell":1,"minecraft:rotten_flesh":1,"minecraft:cooked_salmon":3,"minecraft:iron_chestplate":1,"minecraft:torch":200,"minecraft:spyglass":8,"minecraft:dirt":189,"minecraft:mutton":4,"minecraft:spruce_stairs":126,"minecraft:carrot":14,"minecraft:spruce_fence":8,"minecraft:tuff":2,"minecraft:snowball":12,"minecraft:granite":2,"minecraft:stripped_spruce_log":33,"minecraft:glass":1,"minecraft:iron_hoe":72,"minecraft:wooden_axe":38,"minecraft:lantern":2,"minecraft:iron_axe":234,"minecraft:iron_boots":1,"minecraft:melon_seeds":2,"minecraft:barrel":2,"minecraft:light_gray_wool":1,"minecraft:magma_block":1,"minecraft:sweet_berries":38,"minecraft:furnace":8,"minecraft:oak_sapling":1,"minecraft:beetroot_seeds":14,"minecraft:egg":2,"minecraft:potato":45,"minecraft:cobbled_deepslate":70,"minecraft:iron_leggings":1,"minecraft:wheat_seeds":17,"minecraft:cooked_mutton":12,"minecraft:water_bucket":6,"minecraft:diorite":1,"minecraft:cobblestone_stairs":80,"minecraft:spruce_door":2,"minecraft:snow_block":9,"minecraft:stone_pickaxe":116,"minecraft:baked_potato":5,"minecraft:oak_planks":148,"minecraft:cobblestone_slab":14,"minecraft:wooden_pickaxe":5,"minecraft:spruce_sign":3,"minecraft:composter":1,"minecraft:sand":3,"minecraft:crafting_table":13,"minecraft:white_bed":7,"minecraft:spruce_log":66,"minecraft:pumpkin_seeds":6,"minecraft:cornflower":1,"minecraft:diamond_pickaxe":416,"minecraft:black_wool":1,"minecraft:bread":1,"minecraft:iron_pickaxe":201,"minecraft:spruce_trapdoor":20,"minecraft:spruce_sapling":38,"minecraft:stone_axe":378,"minecraft:cobblestone":226,"minecraft:cooked_porkchop":2,"minecraft:bucket":6,"minecraft:andesite":4,"minecraft:glass_pane":17},"minecraft:custom":{"minecraft:mob_kills":19,"minecraft:animals_bred":1,"minecraft:interact_with_crafting_table":92,"minecraft:open_barrel":16,"minecraft:bell_ring":32,"minecraft:leave_game":1,"minecraft:time_since_death":6659,"minecraft:sprint_one_cm":277988,"minecraft:walk_one_cm":771660,"minecraft:drop":59,"minecraft:talked_to_villager":1,"minecraft:play_time":254104,"minecraft:deaths":6,"minecraft:sneak_time":9932,"minecraft:walk_under_water_one_cm":18856,"minecraft:jump":3946,"minecraft:walk_on_water_one_cm":26783,"minecraft:total_world_time":254104,"minecraft:interact_with_furnace":107,"minecraft:sleep_in_bed":7,"minecraft:time_since_rest":6693,"minecraft:damage_taken":3328,"minecraft:damage_dealt":2372,"minecraft:swim_one_cm":43635,"minecraft:fly_one_cm":556330,"minecraft:open_chest":72,"minecraft:crouch_one_cm":25536,"minecraft:fall_one_cm":124604},"minecraft:broken":{"minecraft:iron_shovel":1,"minecraft:iron_axe":1,"minecraft:stone_axe":2,"minecraft:wooden_axe":1},"minecraft:picked_up":{"minecraft:crafting_table":10,"minecraft:wheat":4,"minecraft:brown_mushroom":4,"minecraft:shield":1,"minecraft:iron_axe":1,"minecraft:cornflower":3,"minecraft:raw_copper":20,"minecraft:beetroot":9,"minecraft:cobbled_deepslate":70,"minecraft:spruce_planks":22,"minecraft:cobblestone_slab":3,"minecraft:rose_bush":6,"minecraft:calcite":64,"minecraft:melon_slice":5,"minecraft:iron_pickaxe":1,"minecraft:spruce_slab":3,"minecraft:light_gray_wool":1,"minecraft:sugar_cane":16,"minecraft:chest":1,"minecraft:spruce_trapdoor":2,"minecraft:furnace":6,"minecraft:egg":2,"minecraft:tipped_arrow":1,"minecraft:stick":19,"minecraft:raw_iron":81,"minecraft:composter":1,"minecraft:torch":51,"minecraft:spruce_stairs":15,"minecraft:porkchop":7,"minecraft:carrot":14,"minecraft:diorite":1,"minecraft:redstone":26,"minecraft:iron_horse_armor":2,"minecraft:rotten_flesh":1,"minecraft:arrow":4,"minecraft:beetroot_seeds":29,"minecraft:mutton":11,"minecraft:snowball":161,"minecraft:white_wool":7,"minecraft:cobblestone":391,"minecraft:oxeye_daisy":1,"minecraft:birch_log":1,"minecraft:magma_block":1,"minecraft:salmon":31,"minecraft:andesite":6,"minecraft:filled_map":1,"minecraft:potato":56,"minecraft:tuff":2,"minecraft:oak_log":40,"minecraft:cobblestone_stairs":14,"minecraft:lantern":2,"minecraft:paper":11,"minecraft:dirt":207,"minecraft:lapis_lazuli":120,"minecraft:bone":19,"minecraft:kelp":2,"minecraft:bow":1,"minecraft:wheat_seeds":25,"minecraft:raw_gold":34,"minecraft:iron_ingot":6,"minecraft:bell":2,"minecraft:rabbit_hide":2,"minecraft:stone_pickaxe":1,"minecraft:rabbit":2,"minecraft:moss_block":4,"minecraft:oak_planks":90,"minecraft:cooked_porkchop":2,"minecraft:pumpkin":4,"minecraft:sweet_berries":39,"minecraft:spyglass":1,"minecraft:sand":103,"minecraft:stripped_spruce_log":37,"minecraft:spruce_sapling":61,"minecraft:white_bed":7,"minecraft:spruce_log":163,"minecraft:lily_of_the_valley":11,"minecraft:spruce_door":1,"minecraft:barrel":2,"minecraft:leather_helmet":1,"minecraft:pumpkin_seeds":14,"minecraft:diamond":2,"minecraft:granite":2,"minecraft:emerald":2,"minecraft:melon_seeds":2,"minecraft:oak_sapling":1,"minecraft:black_wool":1,"minecraft:coal":255,"minecraft:diamond_pickaxe":1}},"DataVersion":3953}