{"stats":{"minecraft:crafted":{"minecraft:oak_planks":52,"minecraft:cooked_porkchop":7,"minecraft:crafting_table":1,"minecraft:wooden_pickaxe":1,"minecraft:furnace":1,"minecraft:pumpkin_seeds":4,"minecraft:stone_axe":1,"minecraft:cooked_mutton":11,"minecraft:air":0,"minecraft:stick":28,"minecraft:iron_ingot":8,"minecraft:iron_pickaxe":2,"minecraft:stone_pickaxe":1,"minecraft:wooden_axe":1,"minecraft:chest":1,"minecraft:white_bed":2,"minecraft:torch":64},"minecraft:killed":{"minecraft:pig":3,"minecraft:sheep":7},"minecraft:dropped":{"minecraft:cooked_porkchop":7,"minecraft:iron_pickaxe":1},"minecraft:mined":{"minecraft:white_bed":1,"minecraft:kelp_plant":3,"minecraft:lily_of_the_valley":6,"minecraft:crafting_table":3,"minecraft:cornflower":1,"minecraft:short_grass":16,"minecraft:grass_block":2,"minecraft:tall_grass":2,"minecraft:sugar_cane":2,"minecraft:oxeye_daisy":1,"minecraft:magma_block":1,"minecraft:furnace":1,"minecraft:iron_ore":8,"minecraft:coal_ore":51,"minecraft:oak_log":12,"minecraft:sand":2,"minecraft:dirt":3,"minecraft:stone":71,"minecraft:oak_leaves":3},"minecraft:used":{"minecraft:cooked_mutton":7,"minecraft:stone_pickaxe":100,"minecraft:chest":1,"minecraft:wooden_pickaxe":5,"minecraft:torch":41,"minecraft:dirt":5,"minecraft:sand":2,"minecraft:mutton":4,"minecraft:crafting_table":3,"minecraft:white_bed":1,"minecraft:wooden_axe":38,"minecraft:iron_pickaxe":32,"minecraft:stone_axe":39,"minecraft:cobblestone":43,"minecraft:furnace":1,"minecraft:cooked_porkchop":2,"minecraft:egg":1},"minecraft:custom":{"minecraft:interact_with_furnace":17,"minecraft:mob_kills":10,"minecraft:interact_with_crafting_table":21,"minecraft:leave_game":1,"minecraft:time_since_death":38104,"minecraft:sleep_in_bed":1,"minecraft:time_since_rest":28532,"minecraft:sprint_one_cm":68614,"minecraft:damage_taken":670,"minecraft:walk_one_cm":85498,"minecraft:drop":5,"minecraft:damage_dealt":1436,"minecraft:swim_one_cm":38029,"minecraft:fly_one_cm":172435,"minecraft:open_chest":15,"minecraft:crouch_one_cm":2006,"minecraft:play_time":38104,"minecraft:sneak_time":751,"minecraft:walk_under_water_one_cm":12238,"minecraft:jump":760,"minecraft:walk_on_water_one_cm":12232,"minecraft:total_world_time":38104,"minecraft:fall_one_cm":19608},"minecraft:broken":{"minecraft:wooden_axe":1},"minecraft:picked_up":{"minecraft:magma_block":1,"minecraft:crafting_table":3,"minecraft:oak_log":13,"minecraft:cornflower":1,"minecraft:dirt":5,"minecraft:kelp":2,"minecraft:wheat_seeds":1,"minecraft:sugar_cane":3,"minecraft:chest":1,"minecraft:egg":1,"minecraft:furnace":1,"minecraft:raw_iron":8,"minecraft:cooked_porkchop":2,"minecraft:sand":2,"minecraft:porkchop":7,"minecraft:white_bed":1,"minecraft:lily_of_the_valley":6,"minecraft:mutton":11,"minecraft:coal":72,"minecraft:white_wool":7,"minecraft:cobblestone":72,"minecraft:oxeye_daisy":1}},"DataVersion":3953}