{"stats":{"minecraft:crafted":{"minecraft:crafting_table":1,"minecraft:oak_planks":28},"minecraft:mined":{"minecraft:lily_of_the_valley":6,"minecraft:oak_log":6,"minecraft:oak_leaves":2,"minecraft:crafting_table":1},"minecraft:used":{"minecraft:crafting_table":1},"minecraft:custom":{"minecraft:jump":3,"minecraft:time_since_rest":2489,"minecraft:damage_dealt":20,"minecraft:sprint_one_cm":2143,"minecraft:play_time":2489,"minecraft:time_since_death":2489,"minecraft:walk_one_cm":4307,"minecraft:sneak_time":19,"minecraft:total_world_time":2489,"minecraft:fall_one_cm":418,"minecraft:fly_one_cm":892},"minecraft:picked_up":{"minecraft:crafting_table":1,"minecraft:oak_log":7,"minecraft:lily_of_the_valley":6}},"DataVersion":3953}