{"stats":{"minecraft:crafted":{"minecraft:oak_planks":160,"minecraft:cooked_porkchop":7,"minecraft:crafting_table":1,"minecraft:spruce_planks":76,"minecraft:wooden_pickaxe":1,"minecraft:furnace":1,"minecraft:cooked_salmon":4,"minecraft:birch_planks":4,"minecraft:pumpkin_seeds":4,"minecraft:stone_axe":1,"minecraft:cooked_mutton":12,"minecraft:air":0,"minecraft:stick":36,"minecraft:iron_ingot":8,"minecraft:iron_pickaxe":2,"minecraft:stone_pickaxe":1,"minecraft:wooden_axe":1,"minecraft:chest":1,"minecraft:white_bed":2,"minecraft:torch":64},"minecraft:killed":{"minecraft:pig":3,"minecraft:salmon":4,"minecraft:sheep":7},"minecraft:dropped":{"minecraft:cooked_porkchop":7,"minecraft:iron_pickaxe":1},"minecraft:mined":{"minecraft:white_bed":1,"minecraft:kelp_plant":3,"minecraft:lily_of_the_valley":6,"minecraft:crafting_table":3,"minecraft:cornflower":1,"minecraft:short_grass":16,"minecraft:grass_block":2,"minecraft:tall_grass":2,"minecraft:spruce_leaves":6,"minecraft:sugar_cane":3,"minecraft:oxeye_daisy":1,"minecraft:seagrass":1,"minecraft:magma_block":1,"minecraft:furnace":3,"minecraft:birch_log":1,"minecraft:fire":9,"minecraft:iron_ore":8,"minecraft:spruce_log":18,"minecraft:stripped_spruce_log":2,"minecraft:coal_ore":51,"minecraft:oak_log":39,"minecraft:sand":2,"minecraft:dirt":3,"minecraft:stone":71,"minecraft:oak_leaves":15},"minecraft:used":{"minecraft:cooked_mutton":12,"minecraft:stone_pickaxe":100,"minecraft:chest":1,"minecraft:wooden_pickaxe":5,"minecraft:torch":42,"minecraft:dirt":5,"minecraft:sand":2,"minecraft:mutton":4,"minecraft:crafting_table":3,"minecraft:white_bed":1,"minecraft:wooden_axe":38,"minecraft:iron_pickaxe":34,"minecraft:stone_axe":120,"minecraft:cobblestone":43,"minecraft:oak_sapling":1,"minecraft:furnace":3,"minecraft:cooked_porkchop":2,"minecraft:egg":1},"minecraft:custom":{"minecraft:interact_with_furnace":25,"minecraft:mob_kills":14,"minecraft:interact_with_crafting_table":21,"minecraft:leave_game":1,"minecraft:time_since_death":50104,"minecraft:sleep_in_bed":1,"minecraft:time_since_rest":40532,"minecraft:sprint_one_cm":102334,"minecraft:damage_taken":930,"minecraft:walk_one_cm":110964,"minecraft:drop":5,"minecraft:damage_dealt":1595,"minecraft:swim_one_cm":43635,"minecraft:fly_one_cm":216614,"minecraft:open_chest":15,"minecraft:crouch_one_cm":2006,"minecraft:play_time":50104,"minecraft:sneak_time":760,"minecraft:walk_under_water_one_cm":18856,"minecraft:jump":989,"minecraft:walk_on_water_one_cm":19350,"minecraft:total_world_time":50104,"minecraft:fall_one_cm":29034},"minecraft:broken":{"minecraft:wooden_axe":1},"minecraft:picked_up":{"minecraft:birch_log":1,"minecraft:magma_block":1,"minecraft:crafting_table":3,"minecraft:salmon":4,"minecraft:oak_log":40,"minecraft:cornflower":1,"minecraft:dirt":5,"minecraft:kelp":2,"minecraft:wheat_seeds":1,"minecraft:rose_bush":3,"minecraft:sugar_cane":6,"minecraft:chest":1,"minecraft:egg":1,"minecraft:furnace":3,"minecraft:raw_iron":8,"minecraft:cooked_porkchop":2,"minecraft:sand":2,"minecraft:porkchop":7,"minecraft:stripped_spruce_log":1,"minecraft:white_bed":1,"minecraft:spruce_log":18,"minecraft:lily_of_the_valley":6,"minecraft:oak_sapling":1,"minecraft:mutton":11,"minecraft:coal":104,"minecraft:white_wool":7,"minecraft:cobblestone":72,"minecraft:oxeye_daisy":1}},"DataVersion":3953}