{"stats":{"minecraft:crafted":{"minecraft:oak_planks":28,"minecraft:cooked_porkchop":7,"minecraft:crafting_table":1,"minecraft:stick":12,"minecraft:wooden_pickaxe":1,"minecraft:stone_pickaxe":1,"minecraft:wooden_axe":1,"minecraft:chest":1,"minecraft:furnace":1,"minecraft:white_bed":1,"minecraft:torch":8,"minecraft:pumpkin_seeds":4,"minecraft:stone_axe":1,"minecraft:air":0},"minecraft:killed":{"minecraft:sheep":3,"minecraft:pig":3},"minecraft:mined":{"minecraft:magma_block":1,"minecraft:iron_ore":2,"minecraft:kelp_plant":3,"minecraft:lily_of_the_valley":6,"minecraft:cornflower":1,"minecraft:crafting_table":2,"minecraft:short_grass":5,"minecraft:coal_ore":15,"minecraft:oak_log":12,"minecraft:sand":2,"minecraft:stone":16,"minecraft:oak_leaves":3},"minecraft:used":{"minecraft:wooden_axe":38,"minecraft:stone_pickaxe":30,"minecraft:chest":1,"minecraft:wooden_pickaxe":5,"minecraft:torch":8,"minecraft:cobblestone":1,"minecraft:sand":2,"minecraft:mutton":4,"minecraft:crafting_table":3,"minecraft:furnace":1,"minecraft:white_bed":1},"minecraft:custom":{"minecraft:time_since_rest":4917,"minecraft:interact_with_furnace":3,"minecraft:sprint_one_cm":23108,"minecraft:damage_taken":280,"minecraft:walk_one_cm":41105,"minecraft:mob_kills":6,"minecraft:damage_dealt":686,"minecraft:interact_with_crafting_table":12,"minecraft:swim_one_cm":21543,"minecraft:fly_one_cm":48123,"minecraft:open_chest":6,"minecraft:crouch_one_cm":45,"minecraft:play_time":14489,"minecraft:sneak_time":94,"minecraft:walk_under_water_one_cm":8143,"minecraft:jump":185,"minecraft:walk_on_water_one_cm":6811,"minecraft:time_since_death":14489,"minecraft:sleep_in_bed":1,"minecraft:total_world_time":14489,"minecraft:fall_one_cm":2357},"minecraft:broken":{"minecraft:wooden_axe":1},"minecraft:picked_up":{"minecraft:raw_iron":2,"minecraft:crafting_table":2,"minecraft:magma_block":1,"minecraft:porkchop":7,"minecraft:sand":2,"minecraft:oak_log":13,"minecraft:lily_of_the_valley":6,"minecraft:cornflower":1,"minecraft:kelp":2,"minecraft:mutton":4,"minecraft:coal":15,"minecraft:white_wool":3,"minecraft:cobblestone":16}},"DataVersion":3953}