{"stats":{"minecraft:crafted":{"minecraft:oak_planks":20,"minecraft:cooked_porkchop":26,"minecraft:crafting_table":1,"minecraft:wooden_pickaxe":1,"minecraft:furnace":1,"minecraft:stone_axe":2,"minecraft:air":0,"minecraft:stick":12,"minecraft:stone_pickaxe":1,"minecraft:wooden_axe":1,"minecraft:stone_sword":1,"minecraft:torch":4},"minecraft:killed":{"minecraft:pig":20,"minecraft:zombie_villager":1,"minecraft:spider":2,"minecraft:creeper":1,"minecraft:sheep":12,"minecraft:skeleton":3,"minecraft:zombie":9,"minecraft:bee":1,"minecraft:chicken":1,"minecraft:cow":10},"minecraft:dropped":{"minecraft:wheat_seeds":1,"minecraft:oak_log":1,"minecraft:cooked_porkchop":2,"minecraft:wooden_axe":1,"minecraft:chest":1,"minecraft:stone_pickaxe":1,"minecraft:wooden_pickaxe":2},"minecraft:mined":{"minecraft:white_bed":2,"minecraft:torch":1,"minecraft:crafting_table":1,"minecraft:short_grass":11,"minecraft:grass_block":5,"minecraft:chest":1,"minecraft:copper_ore":1,"minecraft:tall_grass":10,"minecraft:cobblestone":1,"minecraft:spruce_leaves":3,"minecraft:sugar_cane":7,"minecraft:furnace":1,"minecraft:iron_ore":5,"minecraft:sweet_berry_bush":14,"minecraft:oak_log":56,"minecraft:coal_ore":32,"minecraft:dripstone_block":1,"minecraft:dirt":3,"minecraft:stone":96,"minecraft:gold_ore":1},"minecraft:used":{"minecraft:stone_sword":3,"minecraft:stone_pickaxe":70,"minecraft:wooden_pickaxe":19,"minecraft:cooked_salmon":1,"minecraft:torch":2,"minecraft:dirt":20,"minecraft:crafting_table":1,"minecraft:white_bed":1,"minecraft:wooden_axe":9,"minecraft:iron_pickaxe":49,"minecraft:stone_axe":125,"minecraft:cobblestone":17,"minecraft:sweet_berries":3,"minecraft:cooked_porkchop":10,"minecraft:furnace":1,"minecraft:porkchop":1,"minecraft:egg":1},"minecraft:custom":{"minecraft:interact_with_furnace":15,"minecraft:mob_kills":62,"minecraft:interact_with_crafting_table":5,"minecraft:leave_game":4,"minecraft:time_since_death":46455,"minecraft:sleep_in_bed":1,"minecraft:time_since_rest":8524,"minecraft:sprint_one_cm":161401,"minecraft:damage_taken":1248,"minecraft:walk_one_cm":180862,"minecraft:drop":9,"minecraft:damage_dealt":7274,"minecraft:swim_one_cm":9415,"minecraft:fly_one_cm":246243,"minecraft:open_chest":4,"minecraft:crouch_one_cm":1877,"minecraft:play_time":67617,"minecraft:deaths":1,"minecraft:sneak_time":522,"minecraft:walk_under_water_one_cm":2490,"minecraft:jump":1280,"minecraft:walk_on_water_one_cm":5746,"minecraft:total_world_time":67617,"minecraft:fall_one_cm":39368},"minecraft:broken":{"minecraft:stone_axe":1},"minecraft:killed_by":{"minecraft:creeper":1},"minecraft:picked_up":{"minecraft:crafting_table":1,"minecraft:feather":2,"minecraft:chicken":1,"minecraft:leather":16,"minecraft:wooden_pickaxe":1,"minecraft:oak_log":62,"minecraft:gunpowder":2,"minecraft:string":4,"minecraft:dirt":27,"minecraft:raw_copper":5,"minecraft:cooked_salmon":1,"minecraft:wheat_seeds":4,"minecraft:raw_gold":1,"minecraft:beef":22,"minecraft:light_gray_wool":2,"minecraft:iron_pickaxe":1,"minecraft:sugar_cane":17,"minecraft:chest":1,"minecraft:furnace":1,"minecraft:egg":2,"minecraft:raw_iron":5,"minecraft:stick":2,"minecraft:cooked_porkchop":7,"minecraft:sweet_berries":32,"minecraft:torch":2,"minecraft:dripstone_block":1,"minecraft:porkchop":50,"minecraft:white_bed":1,"minecraft:arrow":4,"minecraft:rotten_flesh":9,"minecraft:gray_wool":1,"minecraft:black_wool":1,"minecraft:mutton":20,"minecraft:coal":32,"minecraft:white_wool":10,"minecraft:cobblestone":96}},"DataVersion":3953}