{"stats":{"minecraft:crafted":{"minecraft:oak_planks":52,"minecraft:fishing_rod":1,"minecraft:furnace":2,"minecraft:stone_pickaxe":1,"minecraft:chest":2,"minecraft:cooked_porkchop":26,"minecraft:crafting_table":2,"minecraft:wooden_pickaxe":1,"minecraft:stone_axe":2,"minecraft:air":0,"minecraft:blue_dye":1,"minecraft:diamond_pickaxe":2,"minecraft:stick":28,"minecraft:iron_ingot":1,"minecraft:wooden_axe":1,"minecraft:stone_sword":1,"minecraft:iron_shovel":1,"minecraft:torch":20},"minecraft:killed":{"minecraft:spider":3,"minecraft:skeleton":8,"minecraft:bee":1,"minecraft:chicken":1,"minecraft:drowned":1,"minecraft:pig":21,"minecraft:zombie_villager":1,"minecraft:salmon":13,"minecraft:creeper":3,"minecraft:sheep":14,"minecraft:zombie":18,"minecraft:villager":1,"minecraft:cow":10},"minecraft:dropped":{"minecraft:wheat_seeds":1,"minecraft:oak_log":1,"minecraft:diamond":3,"minecraft:crafting_table":2,"minecraft:cooked_porkchop":2,"minecraft:cobblestone":19,"minecraft:iron_horse_armor":2,"minecraft:coal":49,"minecraft:stick":7,"minecraft:pufferfish":1,"minecraft:dirt":21,"minecraft:torch":7,"minecraft:wooden_axe":1,"minecraft:bone":14,"minecraft:smooth_basalt":5,"minecraft:furnace":2,"minecraft:stone_axe":1,"minecraft:raw_iron":16,"minecraft:chicken":2,"minecraft:rotten_flesh":11,"minecraft:light_gray_wool":1,"minecraft:oak_planks":4,"minecraft:salmon":33,"minecraft:diamond_pickaxe":2,"minecraft:chest":4,"minecraft:arrow":10,"minecraft:wooden_pickaxe":2,"minecraft:stone_pickaxe":1,"minecraft:calcite":194,"minecraft:black_wool":1},"minecraft:mined":{"minecraft:white_bed":3,"minecraft:deepslate_diamond_ore":12,"minecraft:obsidian":14,"minecraft:glow_lichen":1,"minecraft:budding_amethyst":2,"minecraft:grass_block":7,"minecraft:spruce_leaves":3,"minecraft:redstone_ore":4,"minecraft:furnace":1,"minecraft:iron_ore":82,"minecraft:cobbled_deepslate":8,"minecraft:snow":11,"minecraft:deepslate_iron_ore":40,"minecraft:packed_ice":12,"minecraft:stone":122,"minecraft:deepslate_redstone_ore":5,"minecraft:snow_block":38,"minecraft:amethyst_cluster":5,"minecraft:stone_brick_slab":3,"minecraft:crafting_table":2,"minecraft:torch":1,"minecraft:short_grass":11,"minecraft:calcite":192,"minecraft:chest":2,"minecraft:tall_grass":10,"minecraft:copper_ore":7,"minecraft:cobblestone":3,"minecraft:deepslate_coal_ore":2,"minecraft:lapis_ore":3,"minecraft:deepslate_gold_ore":21,"minecraft:sugar_cane":7,"minecraft:diorite":1,"minecraft:wall_torch":3,"minecraft:amethyst_block":64,"minecraft:sweet_berry_bush":14,"minecraft:blue_ice":1,"minecraft:oak_log":70,"minecraft:coal_ore":44,"minecraft:dripstone_block":7,"minecraft:dirt":3,"minecraft:cracked_stone_bricks":3,"minecraft:smooth_basalt":5,"minecraft:stone_bricks":7,"minecraft:netherrack":1,"minecraft:mossy_stone_bricks":2,"minecraft:gold_ore":5,"minecraft:deepslate":59},"minecraft:used":{"minecraft:stone_sword":63,"minecraft:iron_shovel":49,"minecraft:flint_and_steel":1,"minecraft:chest":2,"minecraft:cooked_salmon":1,"minecraft:rotten_flesh":2,"minecraft:netherrack":1,"minecraft:iron_chestplate":1,"minecraft:torch":19,"minecraft:dirt":21,"minecraft:obsidian":3,"minecraft:wooden_axe":9,"minecraft:iron_helmet":1,"minecraft:sweet_berries":3,"minecraft:furnace":2,"minecraft:egg":1,"minecraft:cobbled_deepslate":40,"minecraft:iron_leggings":1,"minecraft:stone_pickaxe":70,"minecraft:wooden_pickaxe":19,"minecraft:crafting_table":4,"minecraft:white_bed":3,"minecraft:dripstone_block":1,"minecraft:diamond_pickaxe":401,"minecraft:iron_pickaxe":250,"minecraft:stone_axe":157,"minecraft:fishing_rod":3,"minecraft:cobblestone":60,"minecraft:porkchop":1,"minecraft:cooked_porkchop":29,"minecraft:gray_wool":1},"minecraft:custom":{"minecraft:mob_kills":97,"minecraft:interact_with_crafting_table":14,"minecraft:open_barrel":3,"minecraft:leave_game":6,"minecraft:time_since_death":96711,"minecraft:sprint_one_cm":444480,"minecraft:walk_one_cm":418889,"minecraft:drop":66,"minecraft:talked_to_villager":1,"minecraft:play_time":175554,"minecraft:deaths":3,"minecraft:sneak_time":3047,"minecraft:walk_under_water_one_cm":15823,"minecraft:jump":3370,"minecraft:walk_on_water_one_cm":18945,"minecraft:total_world_time":175554,"minecraft:interact_with_furnace":21,"minecraft:sleep_in_bed":3,"minecraft:time_since_rest":40621,"minecraft:damage_taken":2758,"minecraft:damage_dealt":11094,"minecraft:swim_one_cm":45394,"minecraft:fly_one_cm":709348,"minecraft:open_chest":25,"minecraft:crouch_one_cm":9809,"minecraft:fish_caught":1,"minecraft:fall_one_cm":100588},"minecraft:broken":{"minecraft:stone_axe":1,"minecraft:iron_pickaxe":1},"minecraft:killed_by":{"minecraft:creeper":1,"minecraft:skeleton":1},"minecraft:picked_up":{"minecraft:crafting_table":4,"minecraft:iron_chestplate":1,"minecraft:chicken":2,"minecraft:wooden_pickaxe":1,"minecraft:amethyst_block":64,"minecraft:string":6,"minecraft:raw_copper":28,"minecraft:cooked_salmon":1,"minecraft:iron_leggings":1,"minecraft:pufferfish":1,"minecraft:cobbled_deepslate":66,"minecraft:beef":22,"minecraft:calcite":304,"minecraft:iron_pickaxe":1,"minecraft:light_gray_wool":2,"minecraft:sugar_cane":17,"minecraft:chest":4,"minecraft:egg":2,"minecraft:furnace":2,"minecraft:iron_boots":1,"minecraft:stick":4,"minecraft:raw_iron":138,"minecraft:torch":6,"minecraft:porkchop":52,"minecraft:redstone":41,"minecraft:iron_horse_armor":2,"minecraft:arrow":10,"minecraft:rotten_flesh":15,"minecraft:obsidian":14,"minecraft:mutton":23,"minecraft:white_wool":11,"minecraft:cobblestone":130,"minecraft:feather":2,"minecraft:salmon":43,"minecraft:leather":16,"minecraft:oak_log":76,"minecraft:gunpowder":4,"minecraft:lapis_lazuli":16,"minecraft:dirt":42,"minecraft:name_tag":1,"minecraft:coast_armor_trim_smithing_template":2,"minecraft:bone":16,"minecraft:wheat_seeds":4,"minecraft:raw_gold":26,"minecraft:oak_planks":2,"minecraft:smooth_basalt":5,"minecraft:cooked_porkchop":7,"minecraft:sweet_berries":32,"minecraft:dripstone_block":1,"minecraft:amethyst_shard":20,"minecraft:white_bed":2,"minecraft:spider_eye":1,"minecraft:diamond":15,"minecraft:iron_helmet":1,"minecraft:gray_wool":1,"minecraft:netherrack":1,"minecraft:black_wool":1,"minecraft:coal":92,"minecraft:diamond_pickaxe":1}},"DataVersion":3953}