{"stats":{"minecraft:crafted":{"minecraft:oak_planks":12,"minecraft:stick":8,"minecraft:wooden_pickaxe":1,"minecraft:stone_pickaxe":1,"minecraft:wooden_axe":1,"minecraft:stone_axe":1},"minecraft:killed":{"minecraft:sheep":3,"minecraft:skeleton":2,"minecraft:zombie":7,"minecraft:pig":3,"minecraft:zombie_villager":1,"minecraft:spider":1,"minecraft:creeper":1,"minecraft:cow":1},"minecraft:dropped":{"minecraft:wheat_seeds":1,"minecraft:oak_log":1,"minecraft:wooden_axe":1,"minecraft:cooked_porkchop":2,"minecraft:chest":1,"minecraft:stone_pickaxe":1,"minecraft:wooden_pickaxe":1},"minecraft:mined":{"minecraft:coal_ore":26,"minecraft:short_grass":9,"minecraft:grass_block":4,"minecraft:oak_log":16,"minecraft:chest":1,"minecraft:dirt":3,"minecraft:tall_grass":10,"minecraft:cobblestone":1,"minecraft:stone":92},"minecraft:used":{"minecraft:wooden_axe":9,"minecraft:stone_pickaxe":70,"minecraft:iron_pickaxe":30,"minecraft:wooden_pickaxe":19,"minecraft:stone_axe":34,"minecraft:torch":1,"minecraft:dirt":19,"minecraft:cobblestone":17,"minecraft:cooked_porkchop":5,"minecraft:egg":1},"minecraft:custom":{"minecraft:time_since_rest":22488,"minecraft:interact_with_furnace":2,"minecraft:sprint_one_cm":73095,"minecraft:damage_taken":743,"minecraft:walk_one_cm":88526,"minecraft:mob_kills":20,"minecraft:drop":8,"minecraft:damage_dealt":2851,"minecraft:swim_one_cm":9415,"minecraft:interact_with_crafting_table":3,"minecraft:fly_one_cm":132289,"minecraft:open_chest":4,"minecraft:crouch_one_cm":455,"minecraft:play_time":43617,"minecraft:deaths":1,"minecraft:sneak_time":215,"minecraft:walk_under_water_one_cm":859,"minecraft:jump":716,"minecraft:leave_game":4,"minecraft:walk_on_water_one_cm":3411,"minecraft:time_since_death":22455,"minecraft:total_world_time":43617,"minecraft:fall_one_cm":20280},"minecraft:killed_by":{"minecraft:creeper":1},"minecraft:picked_up":{"minecraft:stick":2,"minecraft:cooked_porkchop":7,"minecraft:leather":2,"minecraft:torch":1,"minecraft:porkchop":12,"minecraft:oak_log":20,"minecraft:gunpowder":2,"minecraft:dirt":19,"minecraft:string":2,"minecraft:arrow":2,"minecraft:rotten_flesh":8,"minecraft:wheat_seeds":4,"minecraft:beef":2,"minecraft:gray_wool":1,"minecraft:iron_pickaxe":1,"minecraft:light_gray_wool":2,"minecraft:chest":1,"minecraft:mutton":9,"minecraft:coal":26,"minecraft:white_wool":2,"minecraft:cobblestone":90,"minecraft:egg":2}},"DataVersion":3953}