{"stats":{"minecraft:crafted":{"minecraft:oak_planks":96,"minecraft:fishing_rod":1,"minecraft:furnace":3,"minecraft:hopper":2,"minecraft:iron_axe":1,"minecraft:stone_pickaxe":1,"minecraft:chest":7,"minecraft:smoker":1,"minecraft:cooked_porkchop":48,"minecraft:crafting_table":2,"minecraft:enchanting_table":1,"minecraft:wooden_pickaxe":1,"minecraft:iron_sword":1,"minecraft:bucket":2,"minecraft:stone_axe":2,"minecraft:air":0,"minecraft:blue_dye":1,"minecraft:book":1,"minecraft:paper":3,"minecraft:diamond_pickaxe":2,"minecraft:stick":36,"minecraft:iron_ingot":17,"minecraft:wooden_axe":1,"minecraft:stone_sword":1,"minecraft:snow_block":88,"minecraft:iron_shovel":2,"minecraft:torch":20},"minecraft:killed":{"minecraft:spider":3,"minecraft:skeleton":8,"minecraft:bee":1,"minecraft:chicken":1,"minecraft:drowned":1,"minecraft:pig":21,"minecraft:zombie_villager":1,"minecraft:salmon":13,"minecraft:creeper":3,"minecraft:sheep":14,"minecraft:zombie":19,"minecraft:villager":1,"minecraft:cow":10},"minecraft:dropped":{"minecraft:wheat_seeds":1,"minecraft:oak_log":1,"minecraft:diamond":3,"minecraft:crafting_table":2,"minecraft:cooked_porkchop":2,"minecraft:cobblestone":43,"minecraft:iron_horse_armor":2,"minecraft:coal":49,"minecraft:stick":7,"minecraft:pufferfish":1,"minecraft:dirt":21,"minecraft:torch":7,"minecraft:wooden_axe":1,"minecraft:sand":136,"minecraft:bone":14,"minecraft:smooth_basalt":5,"minecraft:furnace":2,"minecraft:stone_axe":1,"minecraft:stone_sword":1,"minecraft:raw_iron":16,"minecraft:chicken":2,"minecraft:rotten_flesh":11,"minecraft:light_gray_wool":1,"minecraft:oak_planks":4,"minecraft:salmon":33,"minecraft:gunpowder":11,"minecraft:diamond_pickaxe":2,"minecraft:chest":4,"minecraft:arrow":10,"minecraft:wooden_pickaxe":2,"minecraft:stone_pickaxe":1,"minecraft:calcite":194,"minecraft:black_wool":1},"minecraft:mined":{"minecraft:white_bed":4,"minecraft:deepslate_diamond_ore":12,"minecraft:mossy_stone_brick_slab":3,"minecraft:obsidian":27,"minecraft:glow_lichen":1,"minecraft:budding_amethyst":2,"minecraft:grass_block":16,"minecraft:spruce_leaves":3,"minecraft:redstone_ore":4,"minecraft:furnace":1,"minecraft:iron_ore":82,"minecraft:cobbled_deepslate":10,"minecraft:snow":235,"minecraft:stripped_spruce_log":1,"minecraft:gold_block":1,"minecraft:deepslate_iron_ore":40,"minecraft:packed_ice":13,"minecraft:stone":122,"minecraft:deepslate_redstone_ore":5,"minecraft:snow_block":40,"minecraft:amethyst_cluster":5,"minecraft:stone_brick_slab":8,"minecraft:spruce_door":1,"minecraft:crafting_table":2,"minecraft:torch":1,"minecraft:short_grass":16,"minecraft:calcite":192,"minecraft:chest":3,"minecraft:tall_grass":10,"minecraft:copper_ore":7,"minecraft:cobblestone":16,"minecraft:deepslate_coal_ore":2,"minecraft:lapis_ore":3,"minecraft:deepslate_gold_ore":21,"minecraft:sugar_cane":8,"minecraft:diorite":1,"minecraft:wall_torch":3,"minecraft:amethyst_block":64,"minecraft:spruce_stairs":2,"minecraft:ice":3,"minecraft:sweet_berry_bush":14,"minecraft:blue_ice":1,"minecraft:stone_brick_stairs":2,"minecraft:oak_log":70,"minecraft:coal_ore":44,"minecraft:sand":103,"minecraft:dripstone_block":7,"minecraft:dirt":4,"minecraft:cracked_stone_bricks":9,"minecraft:smooth_basalt":5,"minecraft:stone_bricks":16,"minecraft:netherrack":50,"minecraft:mossy_stone_bricks":2,"minecraft:gold_ore":5,"minecraft:deepslate":59},"minecraft:used":{"minecraft:stone_sword":63,"minecraft:iron_shovel":430,"minecraft:flint_and_steel":1,"minecraft:chest":6,"minecraft:cooked_salmon":1,"minecraft:rotten_flesh":2,"minecraft:netherrack":1,"minecraft:iron_chestplate":1,"minecraft:torch":20,"minecraft:dirt":29,"minecraft:hopper":2,"minecraft:snowball":37,"minecraft:obsidian":3,"minecraft:wooden_axe":9,"minecraft:iron_axe":7,"minecraft:iron_helmet":1,"minecraft:sweet_berries":3,"minecraft:furnace":2,"minecraft:egg":1,"minecraft:cobbled_deepslate":42,"minecraft:iron_leggings":1,"minecraft:water_bucket":3,"minecraft:snow_block":88,"minecraft:stone_pickaxe":70,"minecraft:wooden_pickaxe":19,"minecraft:sugar_cane":3,"minecraft:crafting_table":4,"minecraft:white_bed":4,"minecraft:dripstone_block":1,"minecraft:smoker":1,"minecraft:diamond_pickaxe":508,"minecraft:iron_pickaxe":250,"minecraft:spruce_sapling":1,"minecraft:stone_axe":157,"minecraft:fishing_rod":3,"minecraft:cobblestone":61,"minecraft:porkchop":1,"minecraft:cooked_porkchop":32,"minecraft:bucket":4,"minecraft:gray_wool":1},"minecraft:custom":{"minecraft:mob_kills":98,"minecraft:animals_bred":1,"minecraft:inspect_hopper":3,"minecraft:interact_with_crafting_table":28,"minecraft:open_barrel":3,"minecraft:leave_game":6,"minecraft:time_since_death":132711,"minecraft:sprint_one_cm":520214,"minecraft:walk_one_cm":523780,"minecraft:drop":72,"minecraft:talked_to_villager":2,"minecraft:play_time":211554,"minecraft:deaths":3,"minecraft:sneak_time":3820,"minecraft:walk_under_water_one_cm":16332,"minecraft:jump":3965,"minecraft:walk_on_water_one_cm":19757,"minecraft:total_world_time":211554,"minecraft:interact_with_furnace":35,"minecraft:sleep_in_bed":3,"minecraft:time_since_rest":76621,"minecraft:damage_taken":2957,"minecraft:damage_dealt":11294,"minecraft:swim_one_cm":47306,"minecraft:fly_one_cm":863480,"minecraft:open_chest":69,"minecraft:crouch_one_cm":13002,"minecraft:interact_with_smoker":4,"minecraft:fish_caught":1,"minecraft:fall_one_cm":124137},"minecraft:broken":{"minecraft:iron_shovel":1,"minecraft:stone_axe":1,"minecraft:iron_pickaxe":1},"minecraft:killed_by":{"minecraft:creeper":1,"minecraft:skeleton":1},"minecraft:picked_up":{"minecraft:crafting_table":4,"minecraft:iron_chestplate":1,"minecraft:chicken":2,"minecraft:wooden_pickaxe":1,"minecraft:gold_block":1,"minecraft:stone_brick_stairs":2,"minecraft:amethyst_block":64,"minecraft:string":6,"minecraft:raw_copper":28,"minecraft:cooked_salmon":1,"minecraft:iron_leggings":1,"minecraft:pufferfish":1,"minecraft:cracked_stone_bricks":9,"minecraft:cobbled_deepslate":68,"minecraft:beef":22,"minecraft:calcite":304,"minecraft:iron_pickaxe":1,"minecraft:light_gray_wool":2,"minecraft:sugar_cane":21,"minecraft:chest":5,"minecraft:egg":2,"minecraft:furnace":2,"minecraft:iron_boots":1,"minecraft:stick":4,"minecraft:raw_iron":138,"minecraft:torch":7,"minecraft:spruce_stairs":2,"minecraft:porkchop":52,"minecraft:redstone":41,"minecraft:iron_horse_armor":2,"minecraft:arrow":10,"minecraft:rotten_flesh":18,"minecraft:obsidian":27,"minecraft:mutton":23,"minecraft:snowball":390,"minecraft:white_wool":11,"minecraft:cobblestone":143,"minecraft:feather":2,"minecraft:salmon":43,"minecraft:leather":16,"minecraft:oak_log":76,"minecraft:gunpowder":15,"minecraft:lapis_lazuli":16,"minecraft:dirt":52,"minecraft:name_tag":1,"minecraft:coast_armor_trim_smithing_template":2,"minecraft:bone":16,"minecraft:stone_bricks":16,"minecraft:wheat_seeds":4,"minecraft:raw_gold":26,"minecraft:mossy_stone_bricks":2,"minecraft:oak_planks":2,"minecraft:smooth_basalt":5,"minecraft:cooked_porkchop":7,"minecraft:sweet_berries":32,"minecraft:stone_brick_slab":8,"minecraft:dripstone_block":1,"minecraft:sand":136,"minecraft:amethyst_shard":20,"minecraft:stripped_spruce_log":1,"minecraft:spruce_sapling":1,"minecraft:white_bed":3,"minecraft:spruce_door":1,"minecraft:mossy_stone_brick_slab":3,"minecraft:spider_eye":1,"minecraft:diamond":15,"minecraft:iron_helmet":1,"minecraft:gray_wool":1,"minecraft:netherrack":48,"minecraft:black_wool":1,"minecraft:coal":92,"minecraft:diamond_pickaxe":1}},"DataVersion":3953}