{"stats":{"minecraft:crafted":{"minecraft:oak_planks":8,"minecraft:stick":4,"minecraft:wooden_axe":1},"minecraft:killed":{"minecraft:sheep":2,"minecraft:zombie":5,"minecraft:pig":1,"minecraft:spider":1,"minecraft:creeper":1,"minecraft:cow":1},"minecraft:dropped":{"minecraft:wheat_seeds":1,"minecraft:oak_log":1},"minecraft:mined":{"minecraft:short_grass":4,"minecraft:grass_block":1,"minecraft:oak_log":7,"minecraft:dirt":3,"minecraft:tall_grass":7},"minecraft:used":{"minecraft:wooden_axe":9,"minecraft:dirt":16},"minecraft:custom":{"minecraft:time_since_rest":2607,"minecraft:sprint_one_cm":30891,"minecraft:damage_taken":444,"minecraft:walk_one_cm":43519,"minecraft:mob_kills":12,"minecraft:drop":2,"minecraft:damage_dealt":1740,"minecraft:swim_one_cm":6375,"minecraft:interact_with_crafting_table":1,"minecraft:fly_one_cm":42284,"minecraft:crouch_one_cm":106,"minecraft:play_time":23736,"minecraft:deaths":1,"minecraft:sneak_time":59,"minecraft:walk_under_water_one_cm":804,"minecraft:jump":301,"minecraft:leave_game":3,"minecraft:time_since_death":2574,"minecraft:walk_on_water_one_cm":2583,"minecraft:total_world_time":23736,"minecraft:fall_one_cm":8597},"minecraft:killed_by":{"minecraft:creeper":1},"minecraft:picked_up":{"minecraft:leather":2,"minecraft:porkchop":6,"minecraft:oak_log":13,"minecraft:gunpowder":2,"minecraft:dirt":16,"minecraft:string":2,"minecraft:rotten_flesh":4,"minecraft:wheat_seeds":2,"minecraft:beef":2,"minecraft:light_gray_wool":2,"minecraft:mutton":7,"minecraft:white_wool":2,"minecraft:egg":2}},"DataVersion":3953}