{"stats":{"minecraft:crafted":{"minecraft:oak_planks":12,"minecraft:stick":8,"minecraft:wooden_pickaxe":1,"minecraft:stone_pickaxe":1,"minecraft:wooden_axe":1,"minecraft:stone_axe":1},"minecraft:killed":{"minecraft:sheep":2,"minecraft:zombie":5,"minecraft:pig":1,"minecraft:spider":1,"minecraft:creeper":1,"minecraft:cow":1},"minecraft:dropped":{"minecraft:wheat_seeds":1,"minecraft:oak_log":1,"minecraft:wooden_axe":1,"minecraft:cooked_porkchop":2,"minecraft:wooden_pickaxe":1},"minecraft:mined":{"minecraft:short_grass":4,"minecraft:grass_block":1,"minecraft:oak_log":7,"minecraft:dirt":3,"minecraft:tall_grass":8,"minecraft:cobblestone":1,"minecraft:stone":39},"minecraft:used":{"minecraft:wooden_axe":9,"minecraft:stone_pickaxe":21,"minecraft:wooden_pickaxe":19,"minecraft:torch":1,"minecraft:dirt":16,"minecraft:cooked_porkchop":2},"minecraft:custom":{"minecraft:time_since_rest":10488,"minecraft:interact_with_furnace":2,"minecraft:sprint_one_cm":38283,"minecraft:damage_taken":444,"minecraft:walk_one_cm":54008,"minecraft:mob_kills":12,"minecraft:drop":6,"minecraft:damage_dealt":1740,"minecraft:swim_one_cm":6375,"minecraft:interact_with_crafting_table":3,"minecraft:fly_one_cm":57599,"minecraft:open_chest":2,"minecraft:crouch_one_cm":139,"minecraft:play_time":31617,"minecraft:deaths":1,"minecraft:sneak_time":67,"minecraft:walk_under_water_one_cm":804,"minecraft:jump":361,"minecraft:leave_game":4,"minecraft:walk_on_water_one_cm":2583,"minecraft:time_since_death":10455,"minecraft:total_world_time":31617,"minecraft:fall_one_cm":9642},"minecraft:killed_by":{"minecraft:creeper":1},"minecraft:picked_up":{"minecraft:cooked_porkchop":7,"minecraft:leather":2,"minecraft:torch":1,"minecraft:porkchop":6,"minecraft:oak_log":13,"minecraft:gunpowder":2,"minecraft:dirt":16,"minecraft:string":2,"minecraft:rotten_flesh":4,"minecraft:wheat_seeds":2,"minecraft:beef":2,"minecraft:light_gray_wool":2,"minecraft:mutton":7,"minecraft:white_wool":2,"minecraft:cobblestone":40,"minecraft:egg":2}},"DataVersion":3953}