{"stats":{"minecraft:crafted":{"minecraft:oak_planks":24,"minecraft:cooked_porkchop":26,"minecraft:crafting_table":1,"minecraft:wooden_pickaxe":1,"minecraft:furnace":1,"minecraft:stone_axe":2,"minecraft:air":0,"minecraft:diamond_pickaxe":2,"minecraft:stick":20,"minecraft:stone_pickaxe":1,"minecraft:wooden_axe":1,"minecraft:stone_sword":1,"minecraft:torch":20},"minecraft:killed":{"minecraft:pig":20,"minecraft:zombie_villager":1,"minecraft:spider":3,"minecraft:creeper":3,"minecraft:sheep":12,"minecraft:skeleton":8,"minecraft:zombie":13,"minecraft:bee":1,"minecraft:chicken":1,"minecraft:cow":10},"minecraft:dropped":{"minecraft:furnace":1,"minecraft:wheat_seeds":1,"minecraft:oak_log":1,"minecraft:diamond":3,"minecraft:crafting_table":2,"minecraft:cooked_porkchop":2,"minecraft:chicken":2,"minecraft:raw_iron":16,"minecraft:rotten_flesh":8,"minecraft:cobblestone":19,"minecraft:oak_planks":2,"minecraft:light_gray_wool":1,"minecraft:coal":49,"minecraft:stick":4,"minecraft:dirt":21,"minecraft:diamond_pickaxe":2,"minecraft:wooden_axe":1,"minecraft:chest":1,"minecraft:arrow":10,"minecraft:stone_pickaxe":1,"minecraft:wooden_pickaxe":2,"minecraft:calcite":2,"minecraft:smooth_basalt":2,"minecraft:black_wool":1},"minecraft:mined":{"minecraft:deepslate_redstone_ore":5,"minecraft:white_bed":3,"minecraft:deepslate_diamond_ore":12,"minecraft:obsidian":5,"minecraft:glow_lichen":1,"minecraft:amethyst_cluster":5,"minecraft:budding_amethyst":2,"minecraft:torch":1,"minecraft:crafting_table":2,"minecraft:short_grass":11,"minecraft:calcite":71,"minecraft:grass_block":5,"minecraft:chest":1,"minecraft:deepslate_coal_ore":2,"minecraft:deepslate_gold_ore":21,"minecraft:copper_ore":7,"minecraft:tall_grass":10,"minecraft:cobblestone":1,"minecraft:spruce_leaves":3,"minecraft:lapis_ore":3,"minecraft:sugar_cane":7,"minecraft:diorite":1,"minecraft:amethyst_block":64,"minecraft:wall_torch":2,"minecraft:redstone_ore":4,"minecraft:furnace":1,"minecraft:cobbled_deepslate":8,"minecraft:iron_ore":78,"minecraft:sweet_berry_bush":14,"minecraft:oak_log":70,"minecraft:coal_ore":44,"minecraft:deepslate_iron_ore":40,"minecraft:dripstone_block":7,"minecraft:dirt":3,"minecraft:smooth_basalt":2,"minecraft:stone":119,"minecraft:gold_ore":5,"minecraft:deepslate":59},"minecraft:used":{"minecraft:stone_sword":27,"minecraft:stone_pickaxe":70,"minecraft:iron_chestplate":1,"minecraft:wooden_pickaxe":19,"minecraft:cooked_salmon":1,"minecraft:rotten_flesh":2,"minecraft:torch":17,"minecraft:dirt":20,"minecraft:crafting_table":3,"minecraft:dripstone_block":1,"minecraft:white_bed":2,"minecraft:wooden_axe":9,"minecraft:diamond_pickaxe":227,"minecraft:iron_pickaxe":250,"minecraft:iron_helmet":1,"minecraft:stone_axe":154,"minecraft:cobblestone":23,"minecraft:sweet_berries":3,"minecraft:cooked_porkchop":19,"minecraft:furnace":1,"minecraft:porkchop":1,"minecraft:egg":1,"minecraft:cobbled_deepslate":40,"minecraft:gray_wool":1,"minecraft:iron_leggings":1},"minecraft:custom":{"minecraft:interact_with_furnace":15,"minecraft:mob_kills":74,"minecraft:interact_with_crafting_table":8,"minecraft:leave_game":4,"minecraft:time_since_death":36774,"minecraft:sleep_in_bed":2,"minecraft:time_since_rest":36810,"minecraft:sprint_one_cm":254766,"minecraft:damage_taken":2447,"minecraft:walk_one_cm":300932,"minecraft:drop":39,"minecraft:damage_dealt":9464,"minecraft:swim_one_cm":9415,"minecraft:fly_one_cm":313768,"minecraft:open_chest":18,"minecraft:crouch_one_cm":5218,"minecraft:play_time":115617,"minecraft:deaths":3,"minecraft:sneak_time":1341,"minecraft:walk_under_water_one_cm":2490,"minecraft:jump":1961,"minecraft:walk_on_water_one_cm":10255,"minecraft:total_world_time":115617,"minecraft:fall_one_cm":64184},"minecraft:broken":{"minecraft:stone_axe":1,"minecraft:iron_pickaxe":1},"minecraft:killed_by":{"minecraft:skeleton":1,"minecraft:creeper":1},"minecraft:picked_up":{"minecraft:iron_chestplate":1,"minecraft:crafting_table":4,"minecraft:feather":2,"minecraft:chicken":2,"minecraft:leather":16,"minecraft:wooden_pickaxe":1,"minecraft:oak_log":76,"minecraft:gunpowder":4,"minecraft:amethyst_block":64,"minecraft:lapis_lazuli":16,"minecraft:string":6,"minecraft:dirt":41,"minecraft:raw_copper":28,"minecraft:cooked_salmon":1,"minecraft:iron_leggings":1,"minecraft:coast_armor_trim_smithing_template":2,"minecraft:wheat_seeds":4,"minecraft:cobbled_deepslate":66,"minecraft:raw_gold":26,"minecraft:calcite":66,"minecraft:beef":22,"minecraft:light_gray_wool":2,"minecraft:iron_pickaxe":1,"minecraft:oak_planks":2,"minecraft:sugar_cane":17,"minecraft:chest":1,"minecraft:iron_boots":1,"minecraft:furnace":2,"minecraft:egg":2,"minecraft:smooth_basalt":2,"minecraft:raw_iron":134,"minecraft:stick":4,"minecraft:cooked_porkchop":7,"minecraft:sweet_berries":32,"minecraft:torch":5,"minecraft:dripstone_block":1,"minecraft:porkchop":50,"minecraft:amethyst_shard":20,"minecraft:white_bed":2,"minecraft:redstone":41,"minecraft:spider_eye":1,"minecraft:arrow":10,"minecraft:rotten_flesh":12,"minecraft:diamond":15,"minecraft:iron_helmet":1,"minecraft:gray_wool":1,"minecraft:obsidian":4,"minecraft:black_wool":1,"minecraft:mutton":20,"minecraft:coal":92,"minecraft:white_wool":10,"minecraft:cobblestone":125,"minecraft:diamond_pickaxe":1}},"DataVersion":3953}