{"stats":{"minecraft:crafted":{"minecraft:oak_planks":16,"minecraft:cooked_porkchop":12,"minecraft:crafting_table":1,"minecraft:wooden_pickaxe":1,"minecraft:furnace":1,"minecraft:stone_axe":1,"minecraft:air":0,"minecraft:stick":8,"minecraft:stone_pickaxe":1,"minecraft:wooden_axe":1,"minecraft:stone_sword":1},"minecraft:killed":{"minecraft:pig":11,"minecraft:zombie_villager":1,"minecraft:spider":1,"minecraft:creeper":1,"minecraft:sheep":8,"minecraft:skeleton":2,"minecraft:zombie":7,"minecraft:bee":1,"minecraft:cow":10},"minecraft:dropped":{"minecraft:wheat_seeds":1,"minecraft:oak_log":1,"minecraft:cooked_porkchop":2,"minecraft:wooden_axe":1,"minecraft:chest":1,"minecraft:stone_pickaxe":1,"minecraft:wooden_pickaxe":1},"minecraft:mined":{"minecraft:short_grass":11,"minecraft:grass_block":4,"minecraft:chest":1,"minecraft:tall_grass":10,"minecraft:cobblestone":1,"minecraft:sugar_cane":7,"minecraft:oak_log":56,"minecraft:coal_ore":26,"minecraft:dirt":3,"minecraft:stone":92},"minecraft:used":{"minecraft:stone_pickaxe":70,"minecraft:wooden_pickaxe":19,"minecraft:torch":1,"minecraft:dirt":19,"minecraft:crafting_table":1,"minecraft:wooden_axe":9,"minecraft:iron_pickaxe":30,"minecraft:stone_axe":96,"minecraft:cobblestone":17,"minecraft:cooked_porkchop":7,"minecraft:furnace":1,"minecraft:porkchop":1,"minecraft:egg":1},"minecraft:custom":{"minecraft:interact_with_furnace":8,"minecraft:mob_kills":43,"minecraft:interact_with_crafting_table":4,"minecraft:leave_game":4,"minecraft:time_since_death":34455,"minecraft:time_since_rest":34488,"minecraft:sprint_one_cm":112424,"minecraft:damage_taken":813,"minecraft:walk_one_cm":151371,"minecraft:drop":8,"minecraft:damage_dealt":5051,"minecraft:swim_one_cm":9415,"minecraft:fly_one_cm":187437,"minecraft:open_chest":4,"minecraft:crouch_one_cm":458,"minecraft:play_time":55617,"minecraft:deaths":1,"minecraft:sneak_time":224,"minecraft:walk_under_water_one_cm":2490,"minecraft:jump":1005,"minecraft:walk_on_water_one_cm":4939,"minecraft:total_world_time":55617,"minecraft:fall_one_cm":30007},"minecraft:broken":{"minecraft:stone_axe":1},"minecraft:killed_by":{"minecraft:creeper":1},"minecraft:picked_up":{"minecraft:leather":16,"minecraft:oak_log":62,"minecraft:gunpowder":2,"minecraft:string":2,"minecraft:dirt":19,"minecraft:wheat_seeds":4,"minecraft:beef":22,"minecraft:light_gray_wool":2,"minecraft:iron_pickaxe":1,"minecraft:sugar_cane":17,"minecraft:chest":1,"minecraft:egg":2,"minecraft:stick":2,"minecraft:cooked_porkchop":7,"minecraft:torch":1,"minecraft:porkchop":30,"minecraft:arrow":2,"minecraft:rotten_flesh":8,"minecraft:gray_wool":1,"minecraft:mutton":16,"minecraft:coal":26,"minecraft:white_wool":7,"minecraft:cobblestone":90}},"DataVersion":3953}