{"stats":{"minecraft:killed":{"minecraft:spider":11,"minecraft:skeleton":14,"minecraft:bee":1,"minecraft:chicken":1,"minecraft:drowned":1,"minecraft:pig":21,"minecraft:zombie_villager":1,"minecraft:salmon":13,"minecraft:rabbit":8,"minecraft:iron_golem":1,"minecraft:creeper":3,"minecraft:sheep":14,"minecraft:zombie":33,"minecraft:ghast":1,"minecraft:stray":2,"minecraft:villager":1,"minecraft:cow":10},"minecraft:mined":{"minecraft:white_bed":4,"minecraft:deepslate_diamond_ore":12,"minecraft:mossy_stone_brick_slab":3,"minecraft:obsidian":27,"minecraft:carved_pumpkin":1,"minecraft:glow_lichen":1,"minecraft:budding_amethyst":2,"minecraft:grass_block":20,"minecraft:soul_soil":1,"minecraft:spruce_leaves":10,"minecraft:redstone_ore":4,"minecraft:furnace":1,"minecraft:iron_ore":82,"minecraft:cobbled_deepslate":10,"minecraft:snow":248,"minecraft:stripped_spruce_log":1,"minecraft:pumpkin":2,"minecraft:gold_block":1,"minecraft:dirt_path":15,"minecraft:deepslate_iron_ore":40,"minecraft:packed_ice":13,"minecraft:stone":123,"minecraft:bone_block":6,"minecraft:deepslate_redstone_ore":5,"minecraft:snow_block":40,"minecraft:amethyst_cluster":5,"minecraft:stone_brick_slab":8,"minecraft:spruce_door":1,"minecraft:crafting_table":2,"minecraft:torch":4,"minecraft:short_grass":20,"minecraft:calcite":253,"minecraft:chest":3,"minecraft:nether_quartz_ore":41,"minecraft:copper_ore":7,"minecraft:tall_grass":10,"minecraft:cobblestone":17,"minecraft:deepslate_coal_ore":2,"minecraft:deepslate_gold_ore":21,"minecraft:lapis_ore":3,"minecraft:sugar_cane":16,"minecraft:diorite":1,"minecraft:wall_torch":4,"minecraft:amethyst_block":73,"minecraft:spruce_stairs":2,"minecraft:sweet_berry_bush":14,"minecraft:wheat":8,"minecraft:ice":3,"minecraft:blue_ice":1,"minecraft:spruce_log":8,"minecraft:stone_brick_stairs":2,"minecraft:oak_log":70,"minecraft:coal_ore":44,"minecraft:dirt":4,"minecraft:sand":103,"minecraft:dripstone_block":7,"minecraft:smooth_basalt":5,"minecraft:cracked_stone_bricks":9,"minecraft:stone_bricks":16,"minecraft:netherrack":58,"minecraft:mossy_stone_bricks":2,"minecraft:gold_ore":5,"minecraft:deepslate":59},"minecraft:killed_by":{"minecraft:creeper":1,"minecraft:skeleton":1},"minecraft:broken":{"minecraft:iron_shovel":1,"minecraft:stone_axe":1,"minecraft:iron_pickaxe":1},"minecraft:crafted":{"minecraft:oak_planks":116,"minecraft:fishing_rod":1,"minecraft:spyglass":2,"minecraft:furnace":3,"minecraft:bookshelf":3,"minecraft:hopper":2,"minecraft:iron_axe":1,"minecraft:stone_pickaxe":1,"minecraft:chest":7,"minecraft:smoker":1,"minecraft:cooked_beef":22,"minecraft:cooked_porkchop":48,"minecraft:crafting_table":2,"minecraft:enchanting_table":1,"minecraft:wooden_pickaxe":1,"minecraft:iron_sword":1,"minecraft:bucket":2,"minecraft:stone_axe":2,"minecraft:air":0,"minecraft:blue_dye":1,"minecraft:book":10,"minecraft:paper":30,"minecraft:diamond_pickaxe":2,"minecraft:stick":36,"minecraft:iron_ingot":17,"minecraft:wooden_axe":1,"minecraft:stone_sword":1,"minecraft:snow_block":90,"minecraft:iron_shovel":2,"minecraft:torch":24,"minecraft:shears":1},"minecraft:used":{"minecraft:stone_sword":63,"minecraft:enchanting_table":1,"minecraft:iron_shovel":485,"minecraft:flint_and_steel":2,"minecraft:carved_pumpkin":1,"minecraft:poppy":2,"minecraft:chest":6,"minecraft:iron_sword":101,"minecraft:cooked_salmon":1,"minecraft:rotten_flesh":2,"minecraft:netherrack":1,"minecraft:iron_chestplate":1,"minecraft:torch":25,"minecraft:dirt":40,"minecraft:spyglass":39,"minecraft:hopper":2,"minecraft:snowball":37,"minecraft:obsidian":13,"minecraft:wooden_axe":9,"minecraft:bookshelf":3,"minecraft:iron_axe":33,"minecraft:iron_helmet":1,"minecraft:sweet_berries":3,"minecraft:furnace":2,"minecraft:egg":1,"minecraft:cobbled_deepslate":42,"minecraft:pumpkin":2,"minecraft:iron_leggings":1,"minecraft:calcite":63,"minecraft:wheat_seeds":8,"minecraft:water_bucket":3,"minecraft:amethyst_block":9,"minecraft:snow_block":90,"minecraft:stone_pickaxe":70,"minecraft:wooden_pickaxe":19,"minecraft:sugar_cane":3,"minecraft:crafting_table":4,"minecraft:white_bed":4,"minecraft:dripstone_block":1,"minecraft:shears":1,"minecraft:smoker":1,"minecraft:diamond_pickaxe":636,"minecraft:iron_pickaxe":250,"minecraft:spruce_sapling":13,"minecraft:stone_axe":157,"minecraft:fishing_rod":3,"minecraft:cobblestone":62,"minecraft:porkchop":1,"minecraft:cooked_porkchop":48,"minecraft:bucket":4,"minecraft:gray_wool":1},"minecraft:picked_up":{"minecraft:crafting_table":4,"minecraft:iron_chestplate":1,"minecraft:wheat":7,"minecraft:chicken":2,"minecraft:wooden_pickaxe":1,"minecraft:gold_block":1,"minecraft:stone_brick_stairs":2,"minecraft:amethyst_block":73,"minecraft:string":14,"minecraft:raw_copper":28,"minecraft:cooked_salmon":1,"minecraft:iron_leggings":1,"minecraft:pufferfish":1,"minecraft:cracked_stone_bricks":9,"minecraft:cobbled_deepslate":68,"minecraft:beef":22,"minecraft:calcite":363,"minecraft:poppy":2,"minecraft:iron_pickaxe":1,"minecraft:light_gray_wool":2,"minecraft:sugar_cane":36,"minecraft:chest":5,"minecraft:furnace":2,"minecraft:iron_boots":1,"minecraft:egg":2,"minecraft:tipped_arrow":2,"minecraft:stick":10,"minecraft:raw_iron":138,"minecraft:torch":11,"minecraft:spruce_stairs":2,"minecraft:porkchop":52,"minecraft:redstone":41,"minecraft:iron_horse_armor":2,"minecraft:rabbit_foot":2,"minecraft:arrow":20,"minecraft:rotten_flesh":36,"minecraft:carved_pumpkin":1,"minecraft:bone_block":6,"minecraft:obsidian":27,"minecraft:mutton":23,"minecraft:snowball":403,"minecraft:white_wool":11,"minecraft:cobblestone":145,"minecraft:feather":2,"minecraft:salmon":43,"minecraft:leather":16,"minecraft:oak_log":76,"minecraft:gunpowder":16,"minecraft:lapis_lazuli":16,"minecraft:dirt":71,"minecraft:name_tag":1,"minecraft:coast_armor_trim_smithing_template":2,"minecraft:bone":21,"minecraft:stone_bricks":16,"minecraft:bow":1,"minecraft:wheat_seeds":23,"minecraft:raw_gold":26,"minecraft:rabbit_hide":3,"minecraft:iron_ingot":35,"minecraft:mossy_stone_bricks":2,"minecraft:rabbit":6,"minecraft:oak_planks":2,"minecraft:ghast_tear":1,"minecraft:smooth_basalt":5,"minecraft:cooked_porkchop":7,"minecraft:pumpkin":2,"minecraft:sweet_berries":32,"minecraft:stone_brick_slab":8,"minecraft:quartz":41,"minecraft:dripstone_block":1,"minecraft:sand":136,"minecraft:amethyst_shard":20,"minecraft:stripped_spruce_log":1,"minecraft:spruce_sapling":16,"minecraft:white_bed":3,"minecraft:spruce_log":8,"minecraft:mossy_stone_brick_slab":3,"minecraft:spruce_door":1,"minecraft:spider_eye":4,"minecraft:pumpkin_seeds":4,"minecraft:diamond":15,"minecraft:iron_helmet":1,"minecraft:gray_wool":1,"minecraft:netherrack":55,"minecraft:black_wool":1,"minecraft:coal":92,"minecraft:diamond_pickaxe":1},"minecraft:dropped":{"minecraft:iron_ingot":38,"minecraft:wheat_seeds":3,"minecraft:oak_log":1,"minecraft:diamond":3,"minecraft:crafting_table":2,"minecraft:cooked_porkchop":2,"minecraft:cobblestone":43,"minecraft:iron_horse_armor":2,"minecraft:coal":49,"minecraft:pufferfish":1,"minecraft:stick":8,"minecraft:dirt":21,"minecraft:torch":7,"minecraft:wooden_axe":1,"minecraft:sand":136,"minecraft:smooth_basalt":5,"minecraft:bone":14,"minecraft:furnace":2,"minecraft:stone_axe":1,"minecraft:spyglass":1,"minecraft:stone_sword":1,"minecraft:raw_iron":16,"minecraft:chicken":2,"minecraft:rotten_flesh":12,"minecraft:light_gray_wool":1,"minecraft:oak_planks":6,"minecraft:salmon":33,"minecraft:gunpowder":11,"minecraft:diamond_pickaxe":2,"minecraft:chest":4,"minecraft:arrow":10,"minecraft:stone_pickaxe":1,"minecraft:wooden_pickaxe":2,"minecraft:calcite":194,"minecraft:black_wool":1},"minecraft:custom":{"minecraft:mob_kills":138,"minecraft:animals_bred":1,"minecraft:inspect_hopper":4,"minecraft:interact_with_crafting_table":32,"minecraft:open_barrel":3,"minecraft:leave_game":11,"minecraft:time_since_death":226547,"minecraft:sprint_one_cm":764220,"minecraft:walk_one_cm":707002,"minecraft:drop":79,"minecraft:talked_to_villager":7,"minecraft:play_time":305390,"minecraft:sneak_time":4508,"minecraft:deaths":3,"minecraft:walk_under_water_one_cm":16332,"minecraft:jump":5802,"minecraft:walk_on_water_one_cm":20248,"minecraft:total_world_time":305390,"minecraft:interact_with_furnace":38,"minecraft:sleep_in_bed":4,"minecraft:time_since_rest":210,"minecraft:damage_taken":3837,"minecraft:damage_dealt":18166,"minecraft:swim_one_cm":47306,"minecraft:fly_one_cm":1306499,"minecraft:open_chest":101,"minecraft:crouch_one_cm":14877,"minecraft:fish_caught":1,"minecraft:interact_with_smoker":7,"minecraft:fall_one_cm":182366}},"DataVersion":3953}