{"stats":{"minecraft:killed":{"minecraft:pig":1},"minecraft:dropped":{"minecraft:oak_log":1},"minecraft:mined":{"minecraft:short_grass":4,"minecraft:oak_log":3},"minecraft:custom":{"minecraft:jump":133,"minecraft:time_since_rest":12994,"minecraft:damage_dealt":179,"minecraft:crouch_one_cm":106,"minecraft:leave_game":1,"minecraft:play_time":12994,"minecraft:sprint_one_cm":16852,"minecraft:damage_taken":80,"minecraft:time_since_death":12994,"minecraft:walk_one_cm":15197,"minecraft:sneak_time":59,"minecraft:total_world_time":12994,"minecraft:mob_kills":1,"minecraft:drop":1,"minecraft:fall_one_cm":6925,"minecraft:fly_one_cm":25242},"minecraft:picked_up":{"minecraft:porkchop":3,"minecraft:rotten_flesh":1,"minecraft:oak_log":3,"minecraft:egg":1}},"DataVersion":3953}